left_elbow_angle,right_elbow_angle,left_shoulder_angle,right_shoulder_angle,left_hip_angle,right_hip_angle,left_knee_angle,right_knee_angle,shoulder_distance,hip_distance,left_hand_to_hip,right_hand_to_hip,torso_angle,left_leg_angle,right_leg_angle,vertical_span,horizontal_span,body_aspect_ratio,label
158.4049097396015,155.64814216652258,173.05690919261926,173.0264965748714,111.95525041665496,178.8069516940771,29.37238604937221,178.76336806541454,0.13476826622377847,0.08856281542893947,0.4211801999553014,0.4376962408953996,85.81614391268546,98.61691407481648,80.43853201404781,0.5294285416603088,0.28387442231178284,1.8650096664180291,tree
52.956469573446704,27.432585634420985,51.7971853032143,68.34442049392122,175.85732765806574,91.29168186149565,167.13464503581866,30.174027772917636,0.17905011778181054,0.0805623950283772,0.11465343530759459,0.11609249072166035,91.15259888645483,96.0428506705615,98.66099080500547,0.46880829334259033,0.35708320140838623,1.312882520078079,tree
67.86372142734245,70.39903782543958,151.86491450042624,147.9300066860723,178.67330319699093,102.78366563185841,172.0917881865326,13.936688449076653,0.19461963245132852,0.12572718603465405,0.37526033951809806,0.35655714422209794,88.26728077737494,99.34484991276528,90.79807192192031,0.5167024731636047,0.33253389596939087,1.5538339983577683,tree
165.0605791519764,158.24834992935322,47.300881610467236,179.90331433615347,88.0256224512424,150.56122779126892,38.09717511922315,173.15185837945285,0.16643713356380324,0.11416755623448605,0.20635372109722358,0.503818043190838,104.15786771661793,67.56231761139091,65.43403955351015,0.5390910506248474,0.29728466272354126,1.8133833265598807,tree
164.78106535366962,171.30246573688734,152.1763526296554,147.24142092043536,179.2892781759355,74.49930376610261,177.66311831660977,6.01177625112982,0.1588909349309432,0.10284700580977824,0.5022603385210149,0.48111143150446334,92.81930140406695,100.82342686031318,99.0796107033206,0.6229166090488434,0.2578488290309906,2.4158209730476443,tree
176.9910272044221,168.7906320967053,152.5404774366423,158.64493640330892,178.92196494204458,129.59340958558494,173.69084427927035,90.48498981899192,0.04326775947241441,0.04370378738029009,0.4625799818613096,0.4269157416038786,96.80823062896792,93.27861980745149,94.55225841095007,0.5464345812797546,0.17001670598983765,3.2140052243596373,tree
167.41320231073672,163.31656018120515,153.3461804190163,149.36423770422124,160.55300380402088,131.82418062182282,132.65550598496773,76.97155556414351,0.08571423506509789,0.05081712513966614,0.4418235079900518,0.46922480831730684,91.08307951178361,95.73797935835717,84.56078396209833,0.44277623295783997,0.1464914083480835,3.0225406250839195,tree
51.096135415071934,31.17459673773902,8.780300848300806,11.798155408684597,175.20022670786346,107.51475574382349,178.21348837664792,31.66406004606236,0.12447930505691086,0.0752361235587126,0.12820698313082976,0.1256957712124902,97.79934270041886,102.18683147585799,108.921854196568,0.33587759733200073,0.23825407028198242,1.4097454743773203,tree
52.6362667479614,36.58605124706031,22.02794295051828,28.57894174383098,173.1748214826905,107.61133805844122,175.07391082425514,30.52932664789155,0.22137489457167606,0.12993664857745413,0.18302659020426373,0.17688467775499273,94.70482369071651,101.16802933712643,75.94126629962915,0.5918598622083664,0.39680129289627075,1.4915774540157223,tree
153.0014468564154,155.32479913948714,172.30408516019105,168.7102885750792,131.85842226790083,173.48240807245142,46.99508306841127,176.5456422577961,0.05401917898492898,0.02329529023328138,0.29633924250572813,0.30480841378601226,96.58850425135628,96.176894966514,96.8304327481514,0.3848141133785248,0.11837127804756165,3.2509078192423186,tree
157.7846055189232,147.86604421192845,179.56615659168193,161.62874949577733,110.50834289755754,178.17793755904398,21.573353732988885,177.55168163397482,0.16361307118207455,0.10808831399981292,0.41648243824404274,0.4358130096660246,85.090248769493,99.93152556246282,75.47904314716139,0.5702162981033325,0.3342408239841461,1.7060043453291012,tree
179.5485236638837,168.1417843642073,172.66791430710688,173.78712364343556,175.7664595722623,122.24897380179428,178.24209483620098,75.98141025358247,0.03769893955924073,0.028328857872032535,0.26934385527890486,0.26426419420459635,95.17082442478588,93.8088879785287,101.37326106622044,0.3572695851325989,0.09813010692596436,3.6407744404288276,tree
170.85963404227942,172.9215528589626,135.2360586883916,135.2240906628122,111.67588145241756,172.30031546168945,26.05289002698163,173.40118060037537,0.0813373288236413,0.06332895423129604,0.20116958592735573,0.21741090652920575,89.64625821011133,101.53843628219308,81.433951914908,0.33513927459716797,0.1757708489894867,1.9066829142824104,tree
163.54398310585324,158.54977350710743,165.92103646036907,163.64821801806454,111.02121088280124,172.9347381942729,22.490307371805443,174.6412802168193,0.1596162754561135,0.11385084312193988,0.3946330783643655,0.40901417268542145,84.74798403504208,105.51077294537293,74.95717125999819,0.5325868725776672,0.3495197296142578,1.5237676945031078,tree
25.104636366233876,26.27178221210379,2.1791730546584342,9.045333765577594,133.68289495073174,177.70516096533265,47.43222010430558,175.58143687434762,0.13936685946655633,0.07149245854745857,0.24286755617872863,0.23842890795864732,87.49497222408161,92.30900926784722,84.37072612410945,0.6195671558380127,0.2485848367214203,2.492377105576791,tree
51.027440257813225,54.622574093850076,66.25051963214693,47.62747966187416,169.82829985746594,113.64653305075387,176.83264212070185,41.024141325849804,0.27442990580314264,0.14853455151342726,0.11400426302944916,0.10219713981308022,97.00169893981554,101.97179288444649,82.54695937276345,0.61381796002388,0.4514780044555664,1.3595744509504466,tree
8.043752664025238,61.49825252066871,16.932106524641206,7.773134254116549,126.83358877101378,169.73395952517347,54.95593670537022,176.0810179292172,0.08786126027792866,0.05602207911073666,0.15941544766161458,0.1714436497020624,83.18075076506648,89.1748210188117,87.93314432867216,0.6362602710723877,0.20468464493751526,3.108490484308781,tree
99.86485948662775,116.52235113896305,154.3513206493773,177.90329197997602,103.13958348573573,178.67458091237415,35.05010768736723,166.47016170061326,0.1623322505103943,0.08759493247071391,0.36908941044402716,0.37853178716771846,94.34433229487632,105.3517286006972,96.413583902464,0.5203798562288284,0.35168683528900146,1.4796682844303857,tree
163.382690650251,54.89007982680736,0.6333588425456339,15.488257929550484,151.6207696195827,179.36288183462432,16.00749973624824,173.08806693772823,0.061946058393624735,0.038408402452532894,0.027272057470237233,0.100634659340132,87.28650130424393,90.3997877199841,85.85989167672655,0.42654573917388916,0.09852138161659241,4.329473787059161,tree
84.50542859416782,85.17143144243671,69.20366163709016,60.37413927052201,174.676428000575,103.13312076967094,179.96673208623807,21.278235985480134,0.24491769276073594,0.13129181314562816,0.13199192159516668,0.08566717599151465,94.25670926242294,101.53348389689155,75.59936855491804,0.581026017665863,0.4105801582336426,1.415134185162517,tree
37.086167961075404,46.12248628595383,46.04624102596704,45.498937836744325,106.75828386666876,177.92951706126178,24.28620939400605,173.60342309343656,0.2726064209773827,0.16649664139149126,0.2028805834983865,0.1968245752676661,84.20609946693088,114.57854651693117,78.77048120768502,0.643934577703476,0.45912104845046997,1.4025376964893033,tree
38.01945941157851,46.070434066411366,45.50336825644052,46.125584680615,105.02835136157988,176.91425092157564,33.46695075684818,171.32349744748743,0.2663718987975942,0.1552448582914342,0.17903938303207223,0.17312359155323337,84.2664118245025,105.66154701058403,79.92625717916144,0.6176161766052246,0.4662765860557556,1.324570426813952,tree
116.7209882487101,124.10552188640904,173.25649668444606,171.55455592850137,176.5989623151765,123.17862114558896,174.9392771120442,33.253737896388586,0.14350459733328463,0.08275505890253014,0.46746198377800446,0.45763837338502555,86.14203827004457,80.88313259212013,49.8469658107811,0.636225014925003,0.2188066840171814,2.9077037467239557,tree
164.40555967581187,140.9004517597442,174.9597503597756,166.93887508846038,179.77163522409083,124.50354896028199,174.3361650897429,133.146401861044,0.024878010528344492,0.011820419640181674,0.21422982347891395,0.20639557225957228,91.09552467506346,84.67537252620946,49.81339387049575,0.29369062185287476,0.06484565138816833,4.529071966519889,tree
66.66891902322223,56.66374883200374,20.877527149767232,32.29988857300811,100.32223215499194,174.8459934705886,18.37987203059305,173.72801762604794,0.2385545983373319,0.1308423613172905,0.13838577277503578,0.14024247699275733,85.85564025522322,108.21958486194785,75.01179030033364,0.592648833990097,0.40944284200668335,1.4474519351358528,tree
160.72537822673362,177.71473916774914,173.44744699820012,176.66711216223993,177.16483807833418,168.55312930163353,172.16911125306584,166.0926895870733,0.015976749452772755,0.004591827514016175,0.4634245147166187,0.45989979398749686,91.14620483781042,89.26160119565182,89.35250901904101,0.5582687854766846,0.02084025740623474,26.78799856424366,tree
165.93767830660292,159.35385427723148,164.8573367753289,163.55560503531507,179.5501788818441,86.5255665066004,175.3574290995555,11.038250105112823,0.08816641770996587,0.05323585594205935,0.464717952752131,0.44566987607127817,89.3640726927225,97.2096963497614,144.54053016660419,0.5573234558105469,0.15476515889167786,3.6010912262276342,tree
161.65984940650233,165.84032508168275,177.0810388611024,176.44290873117185,139.48398360334318,179.05698482557085,62.3253251169815,175.95943508509768,0.07253744178701058,0.05408328397393215,0.4081795780338429,0.4050197747765396,90.44347665189304,97.29031324781386,90.25483481703293,0.44584715366363525,0.12826210260391235,3.4760630350841892,tree
132.29543306024948,156.44060024479776,175.80134598681695,175.38968515241433,175.41889297026606,154.16150204189964,179.4188910882526,22.060636315007322,0.11684982531352536,0.0805045512596934,0.45506809375785895,0.4472234476853263,91.4075385510026,99.78959758232487,145.56179880947062,0.5964640974998474,0.13589590787887573,4.389124785357605,tree
172.1870195004566,156.96252864202293,156.39662145101934,142.94541041704218,178.83633857987647,30.2254187065452,179.64536838194576,32.956660015431844,0.06930124477759392,0.048708670115545,0.34946515234705006,0.35483932036276816,91.90959344504179,94.11950606321778,34.5493454918964,0.48642295598983765,0.08601000905036926,5.655422681155378,tree
135.36049485451622,119.0831569818108,172.34216787678326,152.61914861746914,170.96737568145764,128.10787847554784,174.78982874020542,34.38680170507343,0.13375244149987112,0.0910771061669939,0.3830017911049126,0.3664799548007151,99.83860081369055,99.58807207221791,64.52779956380448,0.4922904074192047,0.2851486802101135,1.7264341081868504,tree
136.63900995194123,130.38600515015986,178.68329712282573,165.23209906339113,144.65147697756288,179.23271431436805,76.55029922311803,175.66472711980768,0.08574700389538625,0.05340616589396357,0.3821845643046691,0.3866525523268136,88.90224357694194,101.75117939061101,81.41696684694683,0.5421630144119263,0.11773580312728882,4.604912014960925,tree
77.48902043661684,36.0007095843269,68.22367816326054,119.76894438328114,89.63602747807217,177.63587383753324,18.50688107276477,178.978113690342,0.22152533389123885,0.12870728426276942,0.09469109665407198,0.35318759732182126,94.27102472340685,99.07733600342728,80.2925031115412,0.5726576745510101,0.39280232787132263,1.4578774969444834,tree
134.45472545471895,135.34577109030798,170.16588796943756,177.86195360335833,176.87946688741854,105.71196649461567,174.09491419769554,16.602517422877533,0.25190911652699266,0.1685379205699947,0.4796967164927926,0.47469659172769385,95.78839846984405,110.69146703866578,141.9610211083314,0.6282751858234406,0.5036910772323608,1.247342298131692,tree
99.72134575800084,78.1652564378116,37.27942045339189,8.006341545026206,104.44096915582948,172.7801514295522,43.883859887048686,164.6878121214728,0.15794201268100133,0.11127342702424979,0.16362013359099103,0.17712232007620898,89.51577181475781,83.66176017581563,83.97326657597115,0.5749905109405518,0.33326610922813416,1.725319481996735,tree
152.15017578609726,96.64709577929358,18.51282036909075,143.2570009548354,170.27053773960398,149.3943698278032,173.64747013665962,162.01067259422595,0.044603159986116706,0.029859259692116336,0.08068196014145214,0.24360707482479513,105.33910160037571,96.76206747724925,67.17198067385057,0.3834504783153534,0.14711573719978333,2.6064545208690166,tree
122.33654734606199,115.70073935007278,40.303188945583315,45.498478846268675,174.89440440633982,133.2181232322191,178.19705732098868,56.59457800143578,0.09383267851744426,0.04963737847765472,0.06278664818125816,0.06220046870605745,93.6699969171978,96.31122363680204,87.21847596343032,0.46924591064453125,0.168625146150589,2.7827754125441997,tree
33.04060453956023,31.87922644135499,10.369313744261115,21.003898667397365,112.5881544433938,166.78506843164377,30.154894405522327,168.893814631991,0.17215074566765337,0.1038684626432162,0.18361289755277485,0.19760854757158033,81.15552815041245,99.03966855348875,80.03661035297013,0.4794589579105377,0.32510244846343994,1.474793438734917,tree
164.6219931880044,168.00005474906135,177.6222093251926,179.08351209717134,179.5748515781484,139.15295227907677,179.2716126536932,21.305185530527456,0.06869403452657781,0.05069627876304204,0.4650483704745509,0.4522433374789706,91.95092930319008,94.32739148845528,96.41163072712158,0.5907604396343231,0.13287872076034546,4.445861882579334,tree
157.3534291485035,163.37880321186705,178.4979450142449,179.90070930424233,176.13354909153082,144.3236811584753,175.2985949958509,30.152095185498446,0.0715719628465647,0.04824696888730192,0.40694468397196865,0.3980295098334091,91.03643162148568,92.95582763930396,90.11549055951562,0.44347405433654785,0.13182353973388672,3.3641491893768944,tree
82.27224773647993,152.54910336106306,14.381010147238584,168.10177853665775,120.99397723932843,175.3328903237712,10.692720420821214,174.4765420684601,0.15564355366213367,0.09271453345098311,0.09283940690820346,0.3882280708880767,91.06984423793682,64.44909079228425,80.32758288269494,0.4770222306251526,0.18054160475730896,2.6421734273736206,tree
177.32310094709996,113.20633823466247,19.760221161267914,8.119065590831703,136.40484272352734,178.0607578664802,124.28535132064573,174.82480329783266,0.07922007877698525,0.04507717791406681,0.06477240721511447,0.10863804800023234,94.67189542273483,106.29281396612117,94.49898340503294,0.5722072124481201,0.12452447414398193,4.595138557152253,tree
119.5946214602083,59.010120994911524,32.5688688700846,85.41332293817158,110.02588595022567,171.01002647052263,25.740562269740867,178.44241564386564,0.17590472669748755,0.12071847564743882,0.1982864954659261,0.26425189570749413,88.76296564247397,95.08052050797998,71.0337929495175,0.4642373323440552,0.3287593126296997,1.4120887667962492,tree
42.43943763397502,41.89075638323871,28.43110693883899,22.536528769268315,174.14510265715933,117.21626951316912,177.25179251109822,47.27604715656795,0.1197953219717125,0.06634391583581233,0.19962024828459354,0.1736667012268946,94.87974129425538,96.54706714437795,91.56509431664584,0.6276807636022568,0.23158115148544312,2.7104138638921653,tree
14.546219969772977,14.079921869794852,53.6476193197951,44.27250685359064,169.2156855011751,91.01663954901016,125.10197041493986,38.969751368366516,0.15196173796724594,0.07534526808693255,0.15014500634472058,0.1380518332918322,96.93248036785555,89.54893085955798,99.02476653924592,0.4316619336605072,0.31394803524017334,1.3749470778827508,tree
141.6013761538431,147.89501505664242,66.88995267165795,71.24767364150802,98.888141893919,172.28937946406646,34.66938284499343,173.30934610325215,0.11265802685884992,0.05937372496658971,0.18147960569741475,0.19024910176001186,93.51449344829763,82.46247801173043,94.76397634792471,0.3043298125267029,0.18674200773239136,1.629680521389807,tree
93.65258766932746,73.59007236779433,24.92376850725657,48.11515016385758,106.50218339602583,170.03201429469385,58.05264570621339,179.5937924464091,0.21784870922584604,0.09991429514810375,0.08544093195257152,0.10400445841833585,92.81682217283638,109.57768329480847,97.34071257350402,0.6113265752792358,0.30887654423713684,1.979193909945768,tree
21.9765624530284,48.96659369687301,11.273615884587375,5.966545815390966,169.52938293975527,132.88598924570056,131.62518151158312,69.40220837253452,0.06379601771279572,0.021526097807709452,0.1421909590384231,0.15298396951327892,87.4480900619178,93.852746519682,88.46556783395779,0.46641136705875397,0.14323315024375916,3.256308796287723,tree
27.85241925175769,37.00490564705105,62.466841102224365,65.03056765885752,102.60739972167826,169.94129128053765,16.8983593389185,169.67724510325633,0.24108676666004897,0.13742526302110944,0.1703792115351727,0.16805439120763466,81.50807639882755,107.16796193930224,74.50703419807454,0.5878168344497681,0.45347803831100464,1.2962410189457314,tree
47.316153241262434,55.553973763361576,25.75442481048967,26.80755727980031,131.2665703853079,179.99052596094688,43.43666855642245,175.33806969386941,0.10147447729638188,0.06031670963270485,0.12393427903539786,0.12949305676815923,89.93174177116934,93.09497863830596,82.17972322104175,0.5336242616176605,0.16429764032363892,3.247911902852103,tree
65.46114661299367,49.355332788343304,44.10733702615215,30.145353405014358,169.75125679932796,129.8086766158881,158.34915028828254,56.96888107105609,0.02072566868867318,0.03388618077237738,0.28242701282691596,0.24552751701754602,91.9120996845483,89.46712969606816,73.91526802188035,0.6799835860729218,0.19515976309776306,3.4842406819908454,tree
22.118122327175904,52.75112489488832,27.96522042073718,5.588677024859933,123.09727806081092,178.55392008064592,38.918143337617664,173.3546807293162,0.09249360109171709,0.051248406107921134,0.17017098150622864,0.18539646530947185,87.78632029000472,104.13903225788358,87.62831948807725,0.6201145499944687,0.1678716242313385,3.6939807596065712,tree
142.34315761928247,150.47235851255854,143.62597214969608,156.80763109134259,109.49428780705276,175.04991830002575,28.950621286019214,177.96373904034007,0.16320768211110498,0.11361913160331762,0.44741683147387956,0.48833628960773207,80.55809235211463,94.09838956194942,78.91217330493784,0.5890374481678009,0.3785106837749481,1.5561976805865436,tree
167.86086070358837,174.1655994114904,160.62118788474015,179.55277124483783,97.51843163844046,178.92366947731276,18.562768856431948,174.45423943375494,0.24149613096299052,0.14349696346303326,0.4303977117022128,0.44825591101236995,91.93448233718202,101.37957611186054,78.33128526206251,0.5249506831169128,0.4253539741039276,1.2341501786195856,tree
68.15776747708071,72.22400335525363,161.19254086626958,140.41381022077886,163.23662492415477,111.08781775307583,170.2221297860948,40.69547835915295,0.2086848985755456,0.1227674891965398,0.3902578064902113,0.38542867717447754,99.90352792149457,97.7062779049273,87.2134595357735,0.5503555536270142,0.398205429315567,1.382089527440552,tree
66.28426898732084,69.99494011343582,146.4345109673658,156.75805537302628,107.05750954755791,176.64162929507833,21.433579863923857,177.75090866481838,0.15467752625855,0.09370528163176749,0.3495646256409108,0.36143681376423364,88.0916590811272,50.72163511112058,82.79418783374854,0.5619812905788422,0.3185625970363617,1.7641157367721232,tree
90.28925406935059,101.81558567981344,154.88397570936235,179.35235098592722,105.2044469399407,165.75477364975808,31.64828294326162,163.82915170101637,0.22420035421933174,0.14868028836274036,0.4045809825885014,0.4333639914708437,86.31942924569145,107.71739296926334,84.02575074448195,0.5556140244007111,0.39661499857902527,1.400890098436369,tree
30.48583336040552,67.53390067274792,40.13562973199167,29.783488322286757,93.32645368347394,168.8628818649621,17.696662983463625,154.62849293843473,0.16489882387110924,0.10189734920953515,0.10712833940209232,0.13183452520762537,84.82709630969713,106.72952093086894,76.36002921413076,0.4847556948661804,0.36057981848716736,1.3443783318212312,tree
174.5469883864889,157.83972092768056,161.0364818060755,154.8870666959571,179.16469837927838,105.11428196199392,159.80393988177948,28.219907222277392,0.1330847834871229,0.0880708946346092,0.44771751400563375,0.4017253987479177,92.33818277288333,88.51232439128506,91.82201521626259,0.4795365035533905,0.30940932035446167,1.5498450499294263,tree
152.17990787056044,155.76742111995034,151.4163644575497,167.50663000048954,107.05549934182672,179.18746518343266,22.276021060979303,176.02987650989564,0.177762644947237,0.11772910718059956,0.4529528544616827,0.4833008668288227,82.47654078928257,84.94444850375203,76.75318197566644,0.5395001173019409,0.3890438675880432,1.3867333795715169,tree
156.12740106695355,162.39651375690974,155.45485104746544,160.25550235841388,176.32129742465463,104.64866034224869,174.0253824772522,8.871350479716611,0.11646083005787783,0.06873829072415769,0.32860645523180343,0.32704220689573194,93.62044210257869,101.03168844207383,128.0742714620843,0.3944898843765259,0.20532774925231934,1.92126921866636,tree
43.4244623090803,46.70320418736199,64.22049656204854,50.671189513991315,172.42206182408142,109.70514817630215,179.73119739862753,43.022041356580836,0.2424143402409618,0.13721262989242355,0.13085473222637783,0.121193435428875,94.6969598564264,99.40504281906921,81.11117892891158,0.5919509083032608,0.4053169786930084,1.4604641291171052,tree
174.44503975907347,152.04784306269326,174.620627356099,158.21545918730692,169.22673579976146,101.7147605395219,171.5625479291481,52.48581924705229,0.0942760458867374,0.03583481758263733,0.2731827244156328,0.2693856857594065,86.79168351743132,82.87697505051909,73.34265193241394,0.3554422855377197,0.14291805028915405,2.4870356460823757,tree
176.24373504119833,176.2813917415098,148.13016385378648,154.75957339487667,115.88581493463485,179.59604938002747,25.23951203865179,179.8207901653286,0.12237806888639785,0.07783923981172482,0.4257351002163834,0.5015066686502708,88.0160398618827,109.17639885362159,82.55769129375275,0.5313799381256104,0.23173150420188904,2.293084576289039,tree
39.121363479901284,40.09935965486746,25.61333555687191,19.55736500571932,132.7215757848444,178.9422182277695,50.65958318560962,171.10773048121692,0.08923924928453877,0.053695795994771825,0.140922912614529,0.14397357008231845,89.21163493698877,94.00261818574303,88.92659416568479,0.46924731135368347,0.15215253829956055,3.0840583837636757,tree
120.94756865153379,36.066356664255885,41.45079212921059,20.41806442616515,121.56924824513399,129.4141138354936,59.38081728340211,107.2933292492483,0.026267436020661165,0.016766547423615077,0.15303206919613818,0.08977725511736027,93.39597042901121,67.37814668122496,87.77626745716866,0.31715258955955505,0.12269103527069092,2.584969544513397,tree
19.899862341634954,22.69346204115722,47.37577186073884,33.71063231447048,169.9159468357962,97.52724883987031,165.78564823275636,41.7761696089958,0.16328931930137972,0.09524780700777145,0.15217403886437608,0.14705706494583964,97.80416075456571,90.00608266548919,84.84321325076291,0.47785699367523193,0.3043927550315857,1.5698698006976102,tree
166.90449145378187,156.61757121945033,176.0720984728644,160.91756013668584,175.54483818152133,104.16181541845125,178.41085594100434,36.35700421969551,0.10515589611300628,0.051754364090393974,0.2703671495390039,0.2744048259056771,86.56842601401323,80.33485420855044,87.31271279769177,0.3385603129863739,0.17801988124847412,1.901811812321248,tree
61.28240206078539,18.256785579746516,21.119761194192105,62.655252775680985,119.1463360317295,179.92486118986514,22.907191605661055,178.95009198069818,0.15931651628924845,0.09075838026939138,0.14504562515422634,0.13360417530104737,89.46529454801157,86.3555568082709,76.93596932180033,0.42079734802246094,0.22465482354164124,1.873083966721344,tree
148.97510700892198,154.93451876346933,21.318269217869368,5.575531292508588,171.45142193972583,146.79069281938595,166.5524330787563,152.46752135801285,0.04865064045024308,0.032864360393991626,0.15499802617144837,0.08671856625699988,96.60001745439209,94.62761302196215,118.10579750370185,0.6307374536991119,0.1944516897201538,3.243671755215093,tree
41.92416020461237,44.19891138989625,36.86676553086536,37.51015469818665,123.94200745507297,178.21068563927406,58.872228776460474,160.4378208234006,0.18977147321526763,0.10846503545255727,0.1386441526658268,0.16075895247718963,90.63127287297915,70.617247659012,92.60184114503267,0.5817066431045532,0.27284353971481323,2.1320154536646747,tree
16.621668450839962,25.63589775930953,17.606777706755803,11.613531357696779,177.93013696534817,121.15768935411725,177.18176724684884,50.02179785481727,0.10286342737933937,0.0641070916432312,0.19785710896071315,0.18988720913398682,91.24646534485065,96.7390059706631,82.02220306660537,0.615487813949585,0.1974206119775772,3.11764717870235,tree
2.3885196247524125,114.13784246162663,65.52360760346404,25.109460750675513,174.18758225954704,134.6000854235094,177.96101029193346,168.41807312620338,0.15330453289344667,0.09675034793048899,0.20323743341930375,0.21831444908633219,90.88364175310028,103.0378615237491,125.88112838024296,0.5641227960586548,0.2542262077331543,2.21897970743748,tree
46.521166556623534,80.45489581814286,35.782905655419356,42.77757587739232,174.49930801414695,120.38381637141275,179.09319346262612,78.46075097274525,0.07907270198997472,0.03730647886488575,0.22391832644157608,0.21267910902839227,86.70352006622949,86.51673880543702,70.7180104506042,0.4809747338294983,0.15462970733642578,3.1104937215139907,tree
179.22190409928996,165.21198272171898,168.62948564546875,168.2191959848281,178.4502975109052,145.8264734731401,170.97343988804374,103.54191646665953,0.016983784923452497,0.0074037007107772,0.2886247027720165,0.2982940576715821,87.87862739702913,89.12695488319865,84.72041574883534,0.38102757930755615,0.05888518691062927,6.470686420437896,tree
74.85591109789296,168.93898334236334,53.70745248639485,159.26666415318917,131.3030606237616,172.41747692837131,60.17983534595044,179.18935753408707,0.09371212621264349,0.04113852196719234,0.2589023592395717,0.4392180462520419,98.7081231637984,84.01875619223762,90.17385682630969,0.6935670971870422,0.12366235256195068,5.6085549305686095,tree
64.04334051905137,53.45839910223572,39.703338968066475,45.7035194763709,130.87346186520583,176.6842411350079,82.99941704329008,175.93672486883202,0.16549380904963998,0.09229786068886102,0.09546506994255455,0.1113586347972328,175.94664668654903,179.57309393812758,166.89927768168866,0.2556725740432739,0.4668138921260834,0.5476970123550189,tree
32.50225311446595,15.42796983445299,7.443042419271164,10.64131049527071,178.61520228770945,125.87699078573664,179.23138130909896,49.80595413732985,0.09193550989991237,0.05276425112685479,0.18178056466091666,0.17902545084718705,90.38977745536215,94.81899560687172,82.64034273208301,0.5546453595161438,0.16619348526000977,3.337347180898222,tree
38.55127428670009,46.57218583457268,34.058145330777116,25.715567412124322,167.9653885970587,175.94441671964094,167.68999934771892,165.6225545720115,0.14760294109838903,0.08431992764022544,0.11848028108686014,0.1347669663418964,91.68432685550022,93.87836654929161,80.62972602824809,0.4862779378890991,0.14747250080108643,3.2974143331643884,tree
131.72121108697368,157.54602337227166,179.18090930393416,165.6622075229846,129.43160441035488,172.85681181211962,46.202004270759026,122.1672892095878,0.14452301560578026,0.06924530671435476,0.3996814361372727,0.3986288084095962,88.32355097761743,105.82693327095177,83.05824789040767,0.3932774066925049,0.2179141640663147,1.804735402939776,tree
140.25590572726657,123.4553353888279,172.3943556329773,157.91196981533972,176.13349697454635,120.51941326465669,178.0858239898613,5.111702552024507,0.0422657034056318,0.025535399802037624,0.2824978392257008,0.2714982916676089,93.33229251489156,93.57955912662366,157.02708140611728,0.3843637704849243,0.0980568528175354,3.919805290917811,tree
62.8736534480758,55.28068764442126,47.883655349529796,35.75479636796707,169.37163382346313,116.8429827233762,179.50570907908792,29.05692250711459,0.21418367901491392,0.11714153975025078,0.13803032741754054,0.12721152247878348,95.80235845983377,95.85445515532514,83.02089807686998,0.6495537906885147,0.3862636387348175,1.6816332824287776,tree
178.046790868358,167.81598500278852,103.35731459313685,104.35019068889457,145.70798268604773,109.62068469228458,176.64893619577632,112.9812780664094,0.0723861881948089,0.04434546117517359,0.23279918174312958,0.21764114766543033,88.01372397597639,56.98763118951843,115.41129705423353,0.34404680132865906,0.24252647161483765,1.4185948405461009,warrior_ii
169.32435260984613,175.6495747901271,95.80916159187412,104.33862206404854,145.08813036743908,103.16056929990697,173.80925610971957,108.52450306243024,0.09089537266187182,0.0582221874656814,0.38119962724734036,0.3964668146163845,90.26086229278778,55.51770585734951,114.88823325467257,0.6167145073413849,0.38869619369506836,1.5866234795836374,warrior_ii
179.57377535370088,172.2848731868709,96.01128895742885,102.08597239057912,121.33111959098885,95.61137810659767,177.02463336130197,113.05561694295153,0.16193328595245784,0.10419885371615953,0.43441140012809404,0.42933996455961115,91.50409650459693,37.50555555102897,138.44463237412913,0.5346779227256775,0.6904018223285675,0.7744445414734438,warrior_ii
172.45765531886667,106.42402025082612,0.1460833280670004,22.54937232060571,154.87690947840076,179.32676276500035,175.00287764417732,177.64532619594115,0.0765569063422023,0.047704766174351376,0.1121524235771465,0.11460790561592289,92.7030507731799,68.91655536719205,91.1681236241928,0.539858490228653,0.13980841636657715,3.8614162455938703,warrior_ii
175.97791055739663,149.9264182898715,175.1242053072936,177.7937242978698,109.24606800234227,121.66199167764253,82.19344592030252,172.47626965647626,0.005493287023190605,0.04783231578402626,0.41401643893792417,0.3858125215204526,95.78333384144231,135.6247636257213,27.361121461142144,0.39871251583099365,0.6581175625324249,0.6058378297894905,warrior_ii
178.9283226844809,176.2136484933392,105.78454936955238,109.45868783797962,120.51114663519864,136.25336712974396,132.27033320271266,177.98237269559016,0.12827291598247434,0.07957436003349364,0.4276755700175375,0.43749381565185796,89.1862745986416,60.971603571489354,127.47255126168874,0.6172918081283569,0.46457186341285706,1.328732660634207,warrior_ii
160.1074428455478,178.1554663945752,83.96638855090767,85.41629996723316,101.8041636235503,135.54983224160662,111.42296337603295,177.35604590394283,0.12768639500136458,0.0921127913640565,0.41486375944731446,0.4047159943882881,92.85322338927752,55.99151625391293,132.78723743079203,0.6636136174201965,0.6076294481754303,1.0921353785812613,warrior_ii
168.40035255531134,165.06424929546242,88.65204635801344,88.17888513038982,110.91811770394989,130.54561011234713,118.96535975256879,178.03501467923573,0.16698165295412484,0.10378778788619922,0.4403601643557606,0.45274918334210756,87.54901350925819,57.43697948392798,130.74861366570684,0.6605151295661926,0.5695868730545044,1.1596389608209725,warrior_ii
175.05248462094514,167.21092654992586,96.38576214188461,95.85965293857197,128.90689232217005,110.6865939387244,177.37146753102817,119.03139856135412,0.1300165971628841,0.07364448347515856,0.40297871134110314,0.4161992888072983,94.26320250995957,47.42661807409868,123.85794555131686,0.5871159434318542,0.5053411722183228,1.161820915668835,warrior_ii
25.181415968291308,58.76531203875235,11.095229629986077,9.196992507316132,168.57070632541937,163.76879218875496,176.98587135510078,148.67198663165576,0.07110498400120639,0.04532620768029775,0.3238049017161758,0.2743688099990286,92.82448959748093,85.39856479500388,90.81363803527037,0.693358838558197,0.11123287677764893,6.233398421801136,warrior_ii
174.31119240704803,173.68105743096143,101.99733552166857,105.17672361724678,145.53537072008922,102.87916510669703,171.3146313963111,108.56750252227859,0.10562295297482129,0.05978327120274821,0.4681856091158384,0.41748412468413487,82.85711667883122,48.03886075646467,113.00695539518269,0.631369948387146,0.4909239709377289,1.2860849861968382,warrior_ii
167.8256932305806,164.73017823223023,87.09462108084269,98.07385165565853,86.96011331049559,109.38490395548246,90.11451562335873,179.22276739949433,0.16682680330341143,0.10159896162260468,0.4099648601138735,0.45893952503401014,86.84871034742139,52.30522653963835,151.71850057469777,0.5200333595275879,0.6213508546352386,0.8369399601660985,warrior_ii
170.88705719929774,178.0465823493249,92.0667007700361,110.97724870481468,139.22304943447259,109.88857680390743,176.0543882230233,123.21269466338171,0.11793940105165492,0.07814807636272264,0.3593482862322583,0.41003625611199246,86.99616976856929,48.59924790411875,120.98145790770086,0.5569601655006409,0.45324817299842834,1.2288194386225848,warrior_ii
176.9488818776258,174.3195083164308,90.44861376821405,105.07157428331547,130.22914359147748,97.2974187598403,173.69343490022334,104.87079251839549,0.09276039421983952,0.05801836434956149,0.25773147345129893,0.2887482704126102,88.21686400202526,40.39182094099558,121.8889554450131,0.3759220242500305,0.3569008708000183,1.0532953405447707,warrior_ii
176.95690684696672,175.6359803582715,92.78961124360016,81.06567544360149,136.51361313515937,101.24873062020185,161.36751228603654,115.56944541607487,0.14431138676397695,0.08432512332474563,0.276414908815119,0.25643354350784137,87.34032560245892,62.37827850152205,120.6442892716434,0.4440833330154419,0.340165913105011,1.3054903972061158,warrior_ii
176.41979283641197,167.809565851035,84.31394034064196,114.61464848048269,131.04646849432723,92.79867863845271,164.2740991160059,104.64623801976629,0.12117015684588281,0.06620482055720085,0.34407392320591984,0.397214819747352,87.25190802084025,36.17723533372599,122.93027046346718,0.5172119736671448,0.5001652836799622,1.0340821135400717,warrior_ii
176.64917263678532,179.32336399141974,103.57983279087944,105.45347911196308,109.22947582320501,88.6990930133141,172.8983825534484,102.5330143522481,0.15460379724213247,0.10001999208341211,0.383475521672195,0.35659329271826556,93.50917024645342,27.42825517333651,145.61710182495887,0.3509761095046997,0.6377682983875275,0.5503191525701014,warrior_ii
179.9903836857938,177.58063349822316,102.76350902391556,85.11488355369737,112.28271566129061,137.11950869265524,101.82155059969318,178.3049921368159,0.07410841222233931,0.046608023972966574,0.19988266905971688,0.17752178728923018,88.388671557781,115.19729934228408,49.8264248376191,0.2849727272987366,0.2370147705078125,1.2023416375619649,warrior_ii
174.37974633227265,170.3997230875597,75.29275419949691,90.63188174607181,145.06316876902352,101.126910811117,169.87012977995545,109.34585068275332,0.07320877243899367,0.049311448655649265,0.24577819388694339,0.26139594824369844,91.14532990848538,54.43051108835283,120.01076507776185,0.4385114312171936,0.3138578236103058,1.3971658446267092,warrior_ii
172.8961906342583,173.29576803707687,84.56377143360953,93.72115180619103,129.5557938874252,97.47472151531065,173.74625623535582,101.14152256272276,0.10430056861747675,0.06404638772727936,0.24159827730245043,0.24768615148670572,87.27600948162062,40.57044996607354,123.38733057754887,0.32053571939468384,0.3514871597290039,0.9119414764448761,warrior_ii
177.44269615491064,179.00566290519376,95.44918112652394,105.22846679162066,130.375312998196,97.7396447457337,177.25615238184957,128.15968058079358,0.13955799785505912,0.09145952248367359,0.4059973755574149,0.42590089240850887,85.5922367642561,39.95861393105742,135.2899376100454,0.5149887800216675,0.6370622515678406,0.8083806233288121,warrior_ii
150.7170091982599,158.49310793543017,79.08475765987015,82.81987479203998,139.73543211581935,112.8630553150121,176.91147468272607,118.08829224575014,0.11092753541308686,0.06805745286039858,0.3006458433480083,0.29474211736714157,90.3575490606365,53.51460733107855,115.26537930441654,0.5008240342140198,0.3696214556694031,1.3549647254838122,warrior_ii
165.81071617031077,174.53084906644898,58.85343914868458,129.52746480265384,162.51290019674545,91.54262100750469,178.54454985416405,121.83952208092745,0.15446570801299725,0.11323523704960221,0.2204191709874216,0.41311844479208104,74.73361311232286,63.3937683591532,128.73823998703318,0.4502866268157959,0.44191107153892517,1.0189530333505867,warrior_ii
177.5004514728337,179.79679542659832,88.91498746532797,101.93137714550448,140.47815426108883,123.0950238604598,174.02578302453765,121.91710425525191,0.07304051930749594,0.05377018461829451,0.2764030194011622,0.30272318198925496,92.76095612899394,52.951454191841194,116.59146810358637,0.46357131004333496,0.34781596064567566,1.3328063185564412,warrior_ii
176.52061676585083,177.48592525399496,99.57659656666986,97.50288141942472,113.04954867424955,134.43053204904444,119.35842938417309,171.6006173594041,0.10846534703511865,0.06342142442911944,0.33023801839924716,0.33825398642823384,86.02073974259152,59.53418049762435,130.2959336070047,0.5173536241054535,0.43008048832416534,1.2029227973613805,warrior_ii
151.3908358845337,173.79840109648214,122.14530936501326,101.17812027095363,110.41214924660765,138.6314055559104,121.0905040211226,175.63348592878557,0.14391479244205793,0.0875565849309533,0.44642589934580945,0.4054189557408492,90.70093815851759,65.36139470256937,125.02546948856084,0.6711486577987671,0.4570325016975403,1.4684921866736882,warrior_ii
171.0131036197344,152.39006649388924,109.87558445987224,93.49512945057494,130.23179322754675,98.71379651084715,176.47523735109016,100.46040917009772,0.08807735969560591,0.05058221880891564,0.2914872191093104,0.28454100090960527,89.95986617939879,43.35863238211921,112.15427875736898,0.43304887413978577,0.32995688915252686,1.3124407714354565,warrior_ii
157.01459509517244,14.611189520588407,30.41802389090608,4.202339685715139,80.27066796980105,94.47959784858425,126.18116648321859,130.5604204822042,0.15006533699028918,0.09667884801512526,0.16303931790012785,0.38252944296907176,76.3232048030124,12.121908606248596,12.536153891740046,0.4458525776863098,0.5080711543560028,0.8775396396031239,warrior_ii
178.22015484275158,171.02355371297682,93.57688974189796,101.7898196747139,145.03280848662527,117.10852860404466,176.16356581152246,135.6201754019283,0.10781773196583411,0.07467504269953942,0.37931327253321845,0.40578174074928697,89.99226566290619,56.40282454320194,123.91982260932419,0.6331278681755066,0.4885628819465637,1.2958984228457098,warrior_ii
179.0753256306489,174.79442681103907,99.4467425215573,87.99340331049795,114.54915380030445,135.2486744846362,103.67602307010009,179.14124101386355,0.13050474982812085,0.08258792194353146,0.4019773874622945,0.37970424572617245,89.14688557955125,73.16340169941861,128.93539596833264,0.6043800413608551,0.4679583013057709,1.2915254194111288,warrior_ii
157.28401661790025,128.49012808109697,90.79424128857049,75.24267093003122,129.65228400415972,96.34164684074295,174.95892974854397,104.83383359509276,0.15989795104786972,0.10587522767020414,0.40473238649943544,0.4120853446495773,88.9073665513927,41.46825142938793,126.59557437418849,0.5387445390224457,0.5649217367172241,0.9536622579848053,warrior_ii
175.23984661022868,179.05872725269288,91.56285927945349,100.96001768104276,134.69789102782937,105.58243894368727,179.30341819116634,113.07238113772979,0.09178870595689399,0.07153156547764335,0.319882320838701,0.34335127360767864,88.16076945777688,45.958199450352765,126.71414951152235,0.42903316020965576,0.4338628053665161,0.988868266426341,warrior_ii
177.246342669219,173.27192091866894,93.36144383457825,101.06954327127602,139.06247743459008,118.9191389788497,178.82720786494104,117.49475142291737,0.07152429016998689,0.04463687292979002,0.2634679610467143,0.27602729070610327,90.13021097683476,53.46295670663331,111.85171510201252,0.4286109209060669,0.30674248933792114,1.397298828183826,warrior_ii
174.02665670809387,177.51873672975117,97.28975485087409,115.80722845556458,100.27937841005371,147.22226693172493,110.18227156273315,178.01084124323785,0.14673355921577913,0.03342410722482023,0.46409684634709336,0.48695161686611416,101.75221488745372,39.45636794939205,148.98242225974323,0.5582025647163391,0.6691126823425293,0.8342429899282442,warrior_ii
169.39796688276954,158.9632846287196,109.91552216252018,83.22819927094682,94.7724486963103,121.33120202664577,106.06387859328359,176.00528556153586,0.2028290607678868,0.12544196537463648,0.5015758224342356,0.41769847411954586,84.11355424425734,47.83575122746976,137.81182106412777,0.621957391500473,0.6316006481647491,0.9847320348826483,warrior_ii
132.38051715653987,171.4713888262447,87.99295985290149,87.90632922180919,129.13782386454946,99.40425775458118,179.2592567472308,113.39148215552325,0.09923269320744144,0.04968161577981721,0.30620161934409973,0.3519979256165417,87.9480893861544,42.90868142644626,124.17333295996477,0.5298001170158386,0.49408090114593506,1.0722942655485348,warrior_ii
166.34831817944593,172.97112716539914,109.19550190095127,103.8382164659921,99.22604985458545,127.65044684947051,109.30176062317256,178.68575715837062,0.1376979872338137,0.08183950015440677,0.40824732968849625,0.39664564979600336,88.83241559697098,56.97204024897434,136.3101112118594,0.5652365386486053,0.516180545091629,1.0950365022925617,warrior_ii
173.31563398370932,179.36384527196506,103.71873992856177,104.73943521071396,107.08622648918958,88.40165379269558,173.41170079501438,100.27468910122968,0.15514619692881682,0.09571039506178654,0.38259608906634107,0.3614732604664559,94.09982708000518,26.78803802077482,144.98562892058592,0.3460284471511841,0.6294494867324829,0.5497318759404227,warrior_ii
172.99338943000944,175.5674346810813,93.31462863281601,89.01640036997385,110.92449605620365,120.52314396963283,128.40790507295452,179.71634480341174,0.048670760616754336,0.0510894718346822,0.25610010644197856,0.2727768603806216,92.9981857285467,44.340039806047905,153.2483074014527,0.31542450189590454,0.4773462116718292,0.6607876928386639,warrior_ii
141.22915081003538,133.31443716539252,69.62026126374774,23.931579038815716,131.42516322982948,156.17199514676554,154.72187313877416,177.04957180473406,0.11178398937686923,0.055279174281731215,0.3213353399245887,0.21079390663131053,99.43442528234624,70.47352493605857,119.13364928610282,0.6189772188663483,0.33651453256607056,1.8393773788798247,warrior_ii
176.13992954277268,177.50796916571295,76.07379037668873,125.23294482130822,149.10952712046802,91.3184509761378,177.73664516115315,105.77451601354322,0.1374967937765033,0.08784176865288165,0.25286513998525056,0.37771191282175,68.47868520009638,44.93649514544387,122.85887659050893,0.34152960777282715,0.4001110792160034,0.8535869800007448,warrior_ii
173.14686417181647,176.744957396691,73.97745948868848,111.35387583911572,149.73133418791974,116.83421480664603,178.27975827132852,130.5255527509104,0.11782399158818857,0.07726473602505354,0.30690715150897624,0.42529153074344617,83.7870337150384,58.49300774172518,114.87302706938789,0.6001304686069489,0.4026913642883301,1.4902988288997696,warrior_ii
167.22998986428297,172.42936814712183,107.33926285559146,122.96836864728763,126.73409526422124,76.63783506376214,175.49358502424448,90.72708731278105,0.10674797889913465,0.0602116240667344,0.3803396952050257,0.4214343382968057,88.35154589938436,37.629229658066365,130.14215518676122,0.4862532913684845,0.4753592610359192,1.0229174673252914,warrior_ii
179.88152394848808,166.7824325591977,89.61987808388379,116.75628619196783,125.441494970153,95.91313380015595,173.70272017329327,107.5742511765872,0.12454005142859939,0.05709320354658959,0.3815495045923543,0.4138144292849806,89.52885731220013,37.26068115329683,122.58812310948655,0.5493213534355164,0.49218055605888367,1.1160972262581548,warrior_ii
168.90838472597844,172.634731583601,94.23441058518694,95.05044986100427,114.78978125894517,108.80583180966278,173.44169675326611,105.65727335179352,0.15009045528662113,0.09487848256502228,0.3056050616376074,0.2918852721767141,95.68210001133272,37.60069451384572,128.36915561546357,0.31707119941711426,0.43697142601013184,0.7256108306948256,warrior_ii
177.35813704624655,168.2786646657418,96.53328029039325,78.09660774987432,106.83829018075332,143.1337061359272,118.34501198581248,173.07404357970785,0.085025350525263,0.0574112383802531,0.23734024168746906,0.22081444165130854,93.8105946890035,62.809185368927075,129.6219130777596,0.3740016520023346,0.3012596368789673,1.2414595459151796,warrior_ii
173.71824096281816,149.19984092733677,98.4714413906177,86.41505200803701,86.65849978905281,129.9495776499497,85.28761811866678,174.2417369549417,0.08302204065198018,0.044300774712370275,0.2637047615722711,0.27253773008363025,94.04568042218752,70.87950164980757,141.2340187493731,0.3740183711051941,0.31450924277305603,1.1892126533625555,warrior_ii
174.22493400251514,177.8505799265736,104.77608568156558,93.92187954710062,82.77692305169896,127.44050844833393,94.31001352330924,177.32104158312316,0.1294656702755012,0.08046293860606132,0.39861051297594113,0.36351841680466385,92.72661105713121,50.932730456161046,141.19876580038033,0.48100942373275757,0.5145806968212128,0.934759944755333,warrior_ii
155.53815854630886,129.1582148598961,99.28181567825114,67.79070699537195,93.22378143194233,165.31422000498915,125.8771275154161,104.80854539548312,0.15158483137196282,0.12261970846098791,0.38193775911883143,0.28968983078151295,97.44534942918094,39.44281990061876,49.879446070990475,0.4784590005874634,0.42759646475315094,1.1189498511492024,warrior_ii
176.21920702701863,174.84064877170783,99.62408009894361,102.9263758794362,128.41137987871804,96.3597461304825,171.18067549190562,102.03258646282613,0.14151838539840464,0.07757176460949658,0.39942750928370246,0.4232574544402856,93.75755757165176,43.86800637718428,124.72406452314908,0.5725598931312561,0.5035864114761353,1.1369645409075726,warrior_ii
176.35608736155467,178.9578947426988,104.11044050334564,98.72893070835107,104.75120650728583,93.40750353860375,171.61630728663485,96.15386458710555,0.13378459099112186,0.07822201733709784,0.29414081380104123,0.29085051348117186,91.20397339205968,29.70390769918813,134.6444455913507,0.32180629670619965,0.5155101418495178,0.6242482360320621,warrior_ii
175.29054420044747,178.12714977093367,76.7574298505305,109.79693996824636,141.4752720790021,97.81308237543527,174.74986368077944,112.12147761315784,0.13094227862947452,0.07623857678394987,0.33425301882577196,0.448709913423037,84.88903905259164,53.87873777351951,120.67584990614519,0.597733348608017,0.4552692472934723,1.3129227422266687,warrior_ii
173.70660256122653,169.66948452247706,107.29097986817976,106.26632127038116,118.89450926875216,140.16379054070342,130.4947415313917,173.55979695865756,0.09651441978618557,0.06631458517905835,0.3279605983284131,0.3256624792454883,88.2256738067072,58.266276876385184,127.44033753075462,0.4634103775024414,0.3678783178329468,1.259683854792648,warrior_ii
174.07632778950008,159.2460129546728,103.26651527924551,59.64890084629938,105.7435897358675,154.93657903102329,120.6679261997991,178.8449872061943,0.07697337123459906,0.04618871898809302,0.2719684582687145,0.1984783212478351,95.86517440644707,65.55975797260216,117.32803755356858,0.43896612524986267,0.2539868950843811,1.7283022618313697,warrior_ii
174.40091637412172,168.40387475958542,93.76090126375543,111.21619162173465,133.35036988809537,83.44411759994769,173.55280873918235,101.07367466783865,0.11765964646878699,0.07058320060042395,0.4004992658589065,0.419446006716505,88.26373606106276,42.87212399554984,129.6651475408611,0.5490715801715851,0.5299733430147171,1.0360362222149306,warrior_ii
162.3712345075942,168.16898854087503,114.881084761505,106.96565742011174,112.10434748429404,92.25726014733897,160.83039058838074,99.84676659974512,0.09649129630264919,0.056759351128446475,0.28648520265387145,0.27030241665372645,88.92048452172195,36.27820891550351,117.6745860005709,0.3810524344444275,0.3370368480682373,1.1305957690634427,warrior_ii
179.18264895301152,174.85922326951146,70.58000108201516,107.2212222320014,142.4850001717034,97.67929563412673,171.31400048836863,103.69528454001882,0.22378093482416372,0.12938891043221334,0.5001759380509047,0.693412155279301,80.4321376187494,51.93960294137496,114.39473362201234,0.8882184624671936,0.6786032915115356,1.3088920634156616,warrior_ii
171.54097880352927,168.68281483702802,84.70390849390965,123.90284935399328,160.95759767443465,126.02171287754118,177.3378249835691,132.95444018069875,0.09066123000980443,0.05576055588212909,0.26447454504867757,0.3476176821874559,79.14436233134215,63.31322377413976,104.82966556893287,0.49197274446487427,0.27338752150535583,1.799543526185544,warrior_ii
156.27916738946536,148.87975834104716,78.72875884694842,85.57596376930235,151.38234730292254,118.35367221954283,124.98791087085982,107.3795666336512,0.17247898194551908,0.10286796998150897,0.560301535974714,0.5438919869997632,85.68029631748092,91.46134610440053,102.03031113663508,0.8818567395210266,0.3617371916770935,2.4378381869791825,warrior_ii
177.88974719273557,171.10137403774482,88.41250239097798,111.90137619969457,138.4590198383169,110.5855876765294,173.93804810496422,126.49089597714737,0.11664792737939574,0.06529103612012574,0.3313096662641769,0.38096651510360546,87.14663960425871,54.223362170540916,120.15756511229465,0.5698942244052887,0.4531968832015991,1.2574981107091554,warrior_ii
148.18170478055512,173.53267999177893,154.25094312040264,106.69326813274938,148.55287547139383,120.87674063652605,176.8439940229397,138.1747667221391,0.04128666805214564,0.0326669762203199,0.21665183277801686,0.23626939569379887,87.07301212033016,55.186909575166226,121.08582224345172,0.35779911279678345,0.2674282193183899,1.3379257944757184,warrior_ii
170.74737957806957,176.2977879057268,82.66357156774116,106.29867443242597,129.12922185861908,95.44418436408824,173.06740459866285,113.56087890050017,0.10457692499299882,0.07025043277639342,0.358733916599007,0.41614494098498594,87.62946371616158,43.573527121464096,128.70294554965702,0.5584601163864136,0.5673004388809204,0.9844168594123678,warrior_ii
172.22434581722462,167.0378575885693,102.61595788018167,104.73493098473132,145.5165293886869,109.21613498328803,179.8792266967334,115.08975124787597,0.10453552660471783,0.06755269034696725,0.4362094873285114,0.44661337090070397,90.77078169178617,122.32069289863536,65.15420689021468,0.7081756591796875,0.42491623759269714,1.6666241403052906,warrior_ii
177.47971248883258,173.4006279041444,117.75530786282934,77.8410914023178,96.64426282479266,134.52866500030737,106.04776235860854,176.0723835009543,0.16327936477851418,0.10707616123664504,0.4336224180303114,0.24881672091621013,95.03209026004164,57.98024708848773,134.76313625962555,0.4522256553173065,0.462665319442749,0.9774358187511949,warrior_ii
169.57003172851321,176.020457551191,52.736447592896106,48.2255657583502,176.90370366342634,120.00240151123938,154.5531487161736,128.2837713907648,0.013200923017975756,0.018000827707893224,0.10255709219178506,0.08177256153365033,72.23388576538044,58.388074064653516,104.0579259487755,0.23822125792503357,0.13575613498687744,1.754773424774215,warrior_ii
172.47340983037225,117.63137524192733,80.44252265201385,33.47459107683237,101.56222879575408,127.59335333826925,100.84211698230513,175.14929153936203,0.05890499281633072,0.03907387609386987,0.21327348605955557,0.13944213235541073,90.4706809531177,61.8796128463841,137.75746208437644,0.3280402421951294,0.2878186106681824,1.1397464584849843,warrior_ii
163.92373485016452,169.4695828580893,117.51020573595223,42.99356556929999,127.28345130093898,171.4962078790548,153.34093675903287,161.73065983592392,0.0450644901099922,0.030018872699255027,0.18904927403174074,0.07989605917709794,102.7038600425594,69.53751502759323,98.20565961632666,0.25052523612976074,0.09937959909439087,2.5208919980831435,warrior_ii
176.91853483753323,175.2884700037862,101.37086039205434,85.6515421783247,108.5036663283768,131.54074104821103,109.44968153630641,177.27562027915022,0.10631184661473177,0.06331440197902012,0.38963282199203697,0.3204298420292722,93.32435398863292,117.58889791747008,50.761205353733935,0.561438113451004,0.4197766184806824,1.3374687601301947,warrior_ii
160.60391228319693,161.34976956839245,121.29160606970743,80.83154465874213,133.83782274191793,154.841249227298,147.94701905717483,171.0952036429445,0.05660684430793131,0.032000385953622375,0.21112490965777325,0.15200770622081208,91.86007086599672,67.01531173360276,116.32379706714944,0.33448219299316406,0.1865469217300415,1.7930190961671553,warrior_ii
171.42681511898897,163.026574008579,106.12181727340153,103.81827215288723,113.94186117352537,141.23631047304005,121.21658675324991,177.6797608741414,0.12759295835780068,0.08031718982073083,0.4055323162507952,0.3848622055472066,90.21007444154186,62.27293861942761,125.56059736847077,0.6304052472114563,0.47748053073883057,1.3202742449749676,warrior_ii
169.40117505953904,165.6022243256745,91.57253802329083,97.13314016492272,135.89720056855967,114.5226397527043,178.06516929015945,134.9745756211674,0.15351707019876015,0.07811407258367957,0.37800289294092826,0.40501808492033536,91.67467252961464,126.65751927822821,58.76169378796649,0.5729057192802429,0.4719201326370239,1.213988723216629,warrior_ii
178.99973686043742,170.0535897185774,96.85854664186704,106.92284667597144,131.00210330096306,92.2496538912485,177.04908398817506,97.68475727796007,0.12111391605588638,0.07757615304375536,0.36957199966893195,0.3790915445323363,88.56222615277908,42.69044808361954,121.52542451422669,0.5137531161308289,0.47098320722579956,1.0908098383315066,warrior_ii
173.63929560108113,168.84988090784242,101.1455793418593,76.14101904918667,90.3656134372592,128.19242438513905,94.61102901317292,179.3182313537523,0.13830674265028392,0.08776033716983991,0.4331265429997809,0.36857941081465084,91.89045742521132,61.2325080018336,138.84250693365232,0.5632269382476807,0.502446711063385,1.120968504412457,warrior_ii
175.8097260516693,179.88172137034766,99.93571126032478,103.90455795636848,102.0174288655499,125.14765171752153,112.72352185617618,175.7560454584638,0.22759606400219767,0.11134906889106622,0.4409171517015312,0.5179711661499964,90.34660909420155,122.57384941845476,44.04386429183266,0.6387139409780502,0.6571163237094879,0.9719952433572882,warrior_ii
176.80460242436166,179.19820030268812,107.48131285315635,99.65022409988666,93.1549826248406,133.78712141614682,86.60957655646627,179.1716084125612,0.11652998284726909,0.07205414262604845,0.49160576895576813,0.47737209786709367,89.84782482118494,72.02883372607751,133.04402502931117,0.6743422150611877,0.4885345697402954,1.3803367393625134,warrior_ii
86.59220292963391,178.53375159398533,160.74587647896644,139.46665804262148,107.9130104316243,116.92801786884726,107.01133836744165,175.90854918874578,0.06903197851742009,0.05419327915366206,0.20575615662613286,0.1889942367488322,84.03742605533039,49.91815295433495,146.45364786337979,0.2997583746910095,0.35066431760787964,0.8548299887934585,warrior_ii
164.2767441748259,177.87999465511308,101.02266108777484,93.17437523621749,96.83367224919625,140.45698915617388,96.16560448264494,168.6293011839679,0.034890998001492875,0.023940704236006787,0.156637298260451,0.1431418324233085,91.15251453700299,64.71598856763292,133.44027654286703,0.21465039253234863,0.17522095143795013,1.2250269774865443,warrior_ii
173.307337513581,178.50161170982037,100.53939512473792,103.567557055323,144.8848492140872,103.89409228396835,165.03114346426878,108.78591722259813,0.0751104846886836,0.0480137237993525,0.3295955638395958,0.3300436976974054,90.25786959810428,52.11763589781921,118.82035893688996,0.47777092456817627,0.333344966173172,1.4332627549563035,warrior_ii
172.32801236405976,178.90796078455674,87.9245599273272,105.03445970398647,127.3521228586536,93.37735849434182,176.41426106836883,100.050494938655,0.10549928419902913,0.06440099703959327,0.3039604147948115,0.31545084064131146,89.22941006090728,39.87716204897866,123.22621917866708,0.41882073879241943,0.3988543152809143,1.0500594396162988,warrior_ii
179.47888847368512,179.8228980859563,98.71118326034947,101.03712037506341,86.74064939163351,114.74171904854165,107.23753779761651,179.7513643820263,0.15380195970260283,0.10464850517872247,0.389947108048607,0.4323390513482099,89.37317769886019,39.861750099612074,149.07731024343047,0.4661703109741211,0.6893807947635651,0.6762159818130735,warrior_ii
178.21246879757234,177.20795575530045,82.1457730185804,118.22315754645581,125.36827348853862,65.71489430289336,173.08906629822178,103.8385126735142,0.12005827800930603,0.07630276345428107,0.29180562150337025,0.3709777480502723,72.10403743730517,21.457019104671268,148.6299891424223,0.28088927268981934,0.5737000703811646,0.4896099672834228,warrior_ii
175.08334220613753,178.55387458374602,87.1540367497429,106.50106536406727,140.33398080071174,99.10256214213797,178.05635551588256,116.07434067990522,0.06580250484854544,0.03722506287415968,0.31114562264455414,0.3874970619353797,94.98009237643217,130.98087744014487,54.992881105400286,0.5523357391357422,0.3868931829929352,1.4276181732202504,warrior_ii
172.72248093273274,173.76341382481192,84.09773358268501,90.61182866988746,131.4093513115112,107.29588929671527,176.4855766113266,114.18627308154545,0.1362967625918774,0.09618955822682866,0.37036819899234497,0.3757407001267287,90.17180182407628,44.38353067547052,126.07408221755693,0.5106396675109863,0.5360573381185532,0.95258404502627,warrior_ii
174.93109355284537,179.42438076172144,101.32655687482846,96.166623746899,88.44691195478042,131.340618525898,102.28744816007605,174.19452459878667,0.18339272505022225,0.10672579838205588,0.4781021956054554,0.4668411791198408,92.89991143575371,51.506201907998594,137.68766597876632,0.6404020190238953,0.6608164310455322,0.9691072874968656,warrior_ii
15.05414951945992,178.00369393694953,96.9672594899531,113.31978156734456,129.76673016775632,66.55855760436246,174.5436411304199,106.65400525298756,0.0811113331912681,0.06226472707380007,0.17884307570771413,0.29963670080910265,71.55871391754076,21.877581953310695,152.53990381633466,0.28022876381874084,0.5415425002574921,0.5174640285582349,warrior_ii
168.94786705745804,179.51413174475348,46.329934296206794,124.61859836925119,148.16389622610276,122.44797915250214,173.77623366480077,130.61183143619314,0.05158906501010747,0.032704415472462806,0.1649024941994216,0.3446274279539867,87.56243160314253,120.33449304824512,64.67794489554448,0.4428340792655945,0.24890434741973877,1.7791335661920888,warrior_ii
177.92544438266188,169.88536143550007,104.24511450847156,97.9354650149175,101.81015319584722,131.25263709224157,119.288011047053,162.02580051447293,0.16132677641565946,0.12403123052134625,0.42698709661016354,0.37025763873217205,94.70267325489046,50.09483052181093,132.0805520716348,0.5034967958927155,0.5111347436904907,0.9850568800261398,warrior_ii
167.9225316065339,178.07362312690043,113.44687169543232,107.40032197226728,120.56309701300808,137.2194087838762,126.27725026689126,175.7633626783465,0.09667065181664236,0.06127456447883836,0.327290648666964,0.3276215978960954,87.27823030066706,63.03156227454333,127.82891887927339,0.4726262092590332,0.35956478118896484,1.3144396614601983,warrior_ii
179.93013944798443,179.65858579788613,93.93076480320151,88.60731695307685,77.8368533539508,124.76265143395773,95.13665221946053,176.86401925563337,0.13582143710136996,0.08787448587023064,0.40947062977921067,0.3793612328397608,90.45385426771568,47.880359931239376,139.6916167889785,0.5845293998718262,0.5964604616165161,0.9799968941573183,warrior_ii
164.01984788058823,164.5978046879492,127.05985673399971,76.43742372725865,90.08383148539603,143.22487396617908,125.44264474421098,165.5181137532446,0.1625785960407406,0.10143164727362679,0.45936751982341656,0.32709583483260724,113.33972552963078,59.37444865627599,136.23453948759553,0.5098071098327637,0.5213999152183533,0.9777660006317133,warrior_ii
159.05819329403727,163.59660721848513,77.9523824663628,106.70200101741378,153.4564169458421,109.84442004167394,138.16835725780115,112.18574250130791,0.12333444672293543,0.08628146940354456,0.3882609348284686,0.4226822729667265,89.79334347208189,47.69361924422055,115.03864785439613,0.6145175993442535,0.4674437642097473,1.314634286293554,warrior_ii
168.73143805311528,177.1211972850693,92.1926016248622,89.5469605507408,91.9637803428263,117.66055982161299,101.30524100224426,178.51476564026632,0.13495730221176752,0.08142946038695717,0.3154489615120103,0.3070362414113438,90.15983809380026,50.61149628772219,145.95810279825318,0.3982890248298645,0.48416125774383545,0.822637124428066,warrior_ii
173.10008296994695,166.75685907653127,103.60397496633055,74.6742065275045,98.95665819506345,131.213579496696,126.1732922474792,173.8313628896507,0.15404920807730133,0.09989257980960912,0.3697368021051761,0.30928253376877507,94.71359743937228,50.06260284814456,139.73068430573454,0.4631998836994171,0.4820232093334198,0.9609493375639877,warrior_ii
163.76012485821389,178.2073573351911,110.56115359562301,100.77161849287415,98.2864348793903,128.9404201447913,107.67599988648647,179.39371779831953,0.14248563124874772,0.0834906422322067,0.42434257504864564,0.412068260352955,89.03608097629169,58.55780250114053,134.35669248687904,0.6009132266044617,0.5066690742969513,1.186007311455278,warrior_ii
176.28727614100413,161.05564494417933,69.14734976601002,59.97878009499418,170.07509173771544,160.45791488391035,169.50371496334233,163.37925774368696,0.11887331135012981,0.07544148100902419,0.4004008985733828,0.36436556452413227,16.824032552666104,21.866765543048146,27.563719664300514,0.3895735889673233,0.9425007700920105,0.4133403402198723,plank
178.74592712473782,174.13508723686638,55.57541262899541,48.904632819252505,179.87063814722774,176.8347380916933,170.51703752884453,173.21219866822594,0.03721844649259762,0.01987424602960897,0.41290948730290805,0.3702262529631115,35.60332051591882,29.150787398602933,31.439334161580692,0.3916807770729065,0.608236700296402,0.6439611040932505,plank
166.8224485116734,168.37341626013819,55.32789423466004,57.50501530847455,175.86306920793413,176.22725582475115,178.09328454687892,175.76485451442977,0.028674959321549384,0.02837212459331702,0.3610066561426352,0.408357190464791,154.58707623230487,151.00683849497648,153.17281798058625,0.3278961777687073,0.6170685887336731,0.531377198184086,plank
175.5478240026413,153.17458950088414,40.07449122615515,10.36544974875722,179.40735910612472,173.77862666353917,178.66487276168934,171.59225400170106,0.08955963127178142,0.05237129682339601,0.1399687463376481,0.002372863550552705,48.865349218751405,43.85933187394269,44.88653538911262,0.4469854533672333,0.43379051983356476,1.0304177544929545,plank
171.1956478113447,170.63637463290877,63.86522598048392,61.839113442199526,173.02066992526804,171.99988695337973,176.30997128651336,172.2320105405409,0.027834317432736053,0.015485523211913188,0.3271965278092388,0.28655586660374915,18.54607237706135,26.208608792830347,31.337892565285557,0.2679024040699005,0.588988646864891,0.4548515586775903,plank
160.50144475863993,174.83421082490872,59.79157631743116,71.73401219338488,158.51800096612953,158.72763577461942,178.23500950556942,179.74493020361535,0.026667446847518754,0.013539441389050217,0.17339230717202517,0.20249880476614945,169.07173803009846,147.11817172828896,149.09964761960504,0.17494869232177734,0.36760716140270233,0.4759120895638005,plank
173.31000783555046,176.14577493918864,62.99365532058276,65.60400519649843,172.52922011039507,168.26649119218504,177.2350951510515,171.84495739856763,0.008856049381660543,0.003689967695129406,0.33462265096404403,0.381861710064543,158.72786175779993,152.28755009775037,151.28947385661462,0.30132490396499634,0.6227823793888092,0.48383659194197626,plank
168.45251998613443,171.09592523250257,59.682464084424126,74.34275941590074,156.285507356937,148.03642046331424,169.8896214170731,176.88041906088077,0.04303181529005957,0.023832126822955324,0.4454867855112375,0.5270819602446833,164.99835435969226,139.90725441638145,140.24963621329428,0.41567403078079224,0.6636136770248413,0.6263795415494913,plank
170.30003628064688,173.8144967986265,54.314213767528955,46.82740084210493,162.70567026710447,174.99137863168824,144.62465437835118,161.9636623920239,0.03428715686644556,0.016051552857852397,0.34059928415187635,0.27254975986976426,31.372974339205285,30.825259958810214,31.541973038158353,0.2825751304626465,0.4318641275167465,0.6543148931759538,plank
162.93964486169696,166.6324923653187,43.31536838168729,48.41659687058092,179.82915638645673,179.2203430045743,170.278533291035,170.85255940229894,0.04436622597985508,0.0361021834626429,0.2900814018718002,0.32078057997455156,146.56295295776917,149.62837641265932,153.40194159011068,0.33063676953315735,0.5300974547863007,0.6237282721277122,plank
164.09873643559382,145.6554851796619,74.8761763140495,45.68438721813097,169.9890556396023,169.10944809737327,177.4522383983936,172.91495348471204,0.05092615795128499,0.03275773802344123,0.252919095714531,0.1670491021362867,11.031029335624467,16.87125397260599,21.720802275183292,0.14874501526355743,0.437253475189209,0.34018029290491575,plank
167.94309233993135,170.65567448629122,60.48757045308827,67.00091974718015,174.10448575398013,170.10183644724785,179.79049240071723,177.68991816868848,0.0521801400537825,0.03010332685628156,0.32967409792579977,0.39626676175047665,161.28234489368126,152.65350862846975,155.31300766440575,0.2820059657096863,0.5967987775802612,0.4725310712818281,plank
176.87605771965937,172.86091181995548,57.41955593466462,48.312690741074796,164.81420577548263,162.8276788531618,165.71541077675198,160.48957740632136,0.10210018011290319,0.06971241685914605,0.4165165677272481,0.32808632593854015,33.44863857506969,40.104533863828244,44.118707522776255,0.5714900493621826,0.6910619884729385,0.8269736418653588,plank
174.56291380235294,174.11030386269206,54.607862922486625,48.677119538327986,172.04459305227644,163.2633504520521,170.4334869340243,175.6085944948121,0.019369920983147947,0.012503308550275389,0.3378394166033104,0.27956137073844406,35.641801095513486,36.95133396150449,52.542775997648505,0.30268701910972595,0.4010642468929291,0.7547095545281387,plank
174.44956356462654,156.16964419180113,45.20888994340229,35.94667606097089,178.78592620705243,161.07819994228726,177.36534188932683,173.36214006436552,0.051133221609837846,0.04439501717080791,0.16134510072825253,0.19356947385276774,150.59434033795338,153.47765637532547,172.06746174922313,0.22620153427124023,0.40997517108917236,0.5517444719159343,plank
169.110240171763,168.2607325892418,71.271482625124,76.7455102291977,174.5470540662147,169.02883121965058,169.673646886511,171.45067294104928,0.016139912946076154,0.006062000430516908,0.2760328136190024,0.32613095442204043,170.0462667728324,157.77933849633433,156.6441375904707,0.1836819052696228,0.545721560716629,0.33658539169391793,plank
178.0261241798676,164.8580817864261,53.40941618779735,42.07332447302947,170.79738944600993,167.5804920722848,160.738909952181,153.59925175222511,0.09168228699186254,0.07097587924644687,0.40068859895689035,0.3415550277517747,30.055930731604345,28.436209711714845,32.71629515001591,0.45035265386104584,0.7061400711536407,0.6377667438208005,plank
163.17060908676436,169.96576060720884,49.45292021265946,58.284364928535766,174.50719872940763,171.78360270867032,175.96303950039652,176.11319813809908,0.03036919740027942,0.016701211525173527,0.395667649650466,0.48994016380483796,155.46902145096513,150.21876435723027,150.66913226069536,0.3617549538612366,0.6533724963665009,0.5536733729580114,plank
174.89004898215387,177.0829524310141,75.34655603757135,74.05447358779239,169.30002430661412,171.7388014719652,171.746635585217,175.82070701276544,0.05267618851805553,0.03754605063455427,0.3766065722237071,0.3646894545248398,18.969235497252523,24.039424321456604,27.031138878257515,0.2891262173652649,0.6183737516403198,0.46755900715112597,plank
171.0875672149427,171.58228254407092,58.18660960826719,62.38580787347114,178.60919399251475,175.6644305024772,171.09891639391435,168.06830161695285,0.0303704799746903,0.01488865771953263,0.28451788476052625,0.3127482993140311,151.51099996462716,151.94009484817198,155.1254021123493,0.2654579281806946,0.5031061768531799,0.5276379825846631,plank
171.53641492179563,169.00334966039827,62.4427741217063,59.88608100528076,171.61486713154662,171.56626529908232,173.38049370579316,171.6552207787709,0.01877312416826041,0.019550687213588373,0.40689237175096327,0.3539196814962884,22.48261915488667,27.240601439542953,27.689107041046466,0.29889488220214844,0.6090091168880463,0.49078884685579194,plank
173.83480482865107,173.3067759494099,64.42214073935887,61.00569888993419,160.1220925968452,162.07951547619803,168.89365585176267,169.38462962987538,0.02699847816991715,0.01565824956905856,0.46813020507715153,0.4147884263047683,22.4725502003429,35.73457820821214,36.65784522969785,0.3915832042694092,0.621063232421875,0.6305045667289076,plank
172.7810540832214,172.87775052597718,68.48598380692377,74.67419866544913,167.45338441359442,162.55961519613604,170.44907349597938,171.39189429979717,0.02865232439362544,0.01180688319450155,0.4887772092807415,0.5876844006311963,165.57377548553924,146.1198027161354,145.78993261406546,0.3753587603569031,0.7132604420185089,0.5262576448157524,plank
175.32541005137244,168.80579441566957,68.21537771604578,61.15254438515296,177.29448762764193,178.57665978396926,179.50483925495658,179.4545849002157,0.041024190178106136,0.027806905798674994,0.35646272089854614,0.313862281589483,21.8776144396729,23.736602030745967,24.75795173613975,0.26804405450820923,0.5809497237205505,0.46138941730032434,plank
173.6196325823467,177.96981603495314,66.29444172588911,64.49418593267912,165.3982576894278,171.2670783703381,166.9763752545093,166.78037328983336,0.07538200809905253,0.039055872694804684,0.47485042526761917,0.41978435158375027,27.1708090377852,33.72222414896398,31.830746763258066,0.37008923292160034,0.6083859205245972,0.6083132768793875,plank
169.83123907661866,175.52646202470913,74.08875980760364,81.76781092867662,171.47571248902935,166.19436790338256,166.4751712762789,168.61444713308902,0.04718691471778211,0.020845395579616652,0.37569725191397957,0.43515070797249283,174.14163063025322,167.77179079998265,170.00408059998057,0.10605588555335999,0.5181680619716644,0.20467468633595476,plank
171.39730781502527,172.39586822507152,52.93326251009629,55.49277901794923,174.98192340960048,171.32735101250753,175.29561480283925,175.13673071738816,0.016356129304093556,0.024641957891688663,0.568093446994188,0.51582747558878,32.122780632930876,36.05716947763985,37.32002764275256,0.4898976683616638,0.6941023916006088,0.7058002886749225,plank
171.56983662322472,168.98090091956578,48.88750903642338,36.40407044531345,176.16169003431753,169.07237712590955,171.28665600164658,174.66458707916732,0.07251883219647491,0.024273306539331452,0.4193907035070394,0.3479041321731173,41.92177841674849,29.289308399156287,32.61978222729817,0.477458119392395,0.6551546156406403,0.7287716639613605,plank
175.95045488833378,179.6953632204917,82.49554358967586,77.56636164911673,154.76786850507742,157.55109061497828,171.98090253843537,170.61301244485932,0.018022494487542267,0.002938272131631308,0.3085235641270887,0.29154164089332685,15.970111137753248,35.51906182172104,35.77884198059076,0.24413275718688965,0.4474201202392578,0.5456454596998,plank
177.3238616802221,174.4549779457222,68.21567128475608,63.01506014391955,164.08832881171404,168.3419615485038,169.99921267128136,170.76851856295957,0.03115115475043643,0.01865517769571053,0.3945705412292269,0.3474586068252905,20.73557746642883,29.864951433171704,29.984944441630137,0.3153567612171173,0.606097012758255,0.5203074005957838,plank
163.54371077841046,171.27270844620855,98.69245871820857,104.74746375644395,153.33898950432774,152.32883416723445,178.22456470350716,176.86983139428455,0.013253984030752074,0.010220628733945249,0.29302529212340356,0.32211683024792054,175.28304812979258,156.65878756578252,156.11077587545657,0.13069665431976318,0.5473543703556061,0.23877886319762454,plank
170.53826527690322,174.7637343037202,58.817511326174596,66.60572404813733,179.01810296450103,171.62044056509714,175.79339925325823,177.620280121994,0.05448860798145487,0.03331181772069279,0.33189197389986247,0.3871899702353484,155.18917196325708,149.56354760537522,150.54250182972967,0.3394891023635864,0.5774989426136017,0.587860993869793,plank
175.11166057669655,165.95808955458327,91.70059366309552,69.31176137338875,155.3550135971444,151.24422355597653,176.15337706980125,157.82876431834407,0.15660638272977098,0.0675807600065042,0.5435036991975032,0.5764012968014618,170.27085794091533,147.81209328575687,150.23607597004164,0.19508706033229828,0.6032955348491669,0.32336897766212214,plank
124.89500194057787,161.1481278463452,44.57562126768496,64.54028257773423,179.60014854735994,176.06248241293306,172.59406506496865,174.57536112452848,0.017892498657684556,0.01861084468703008,0.2314367207159452,0.2808970256614263,162.85671187349018,164.12170943077027,164.02149703749083,0.19310319423675537,0.6428757607936859,0.30037404738724743,plank
172.9247002278883,170.82388038851394,59.773705803258466,53.185379730477784,178.39734566780885,176.81231184801214,175.44030449960943,176.38671494192292,0.05621578104777908,0.039335660924256124,0.49662168622751157,0.39433592281365554,32.28052270384415,27.086369643910004,28.900293206729454,0.43717843294143677,0.7346339523792267,0.5950969615896001,plank
169.99004927420734,173.80129390287877,54.95448883845338,64.45019685603998,164.9102655182569,158.9778792642087,165.47600910302432,160.65947721393277,0.052967180196804756,0.024131267128700867,0.36300996612177155,0.44621536885517116,155.27745342917436,143.8524268489079,145.80153757254672,0.400349497795105,0.634442538022995,0.6310256229707513,plank
166.97481307246568,176.91449082275835,57.217530421225376,63.0600443705881,179.50605916182118,177.29748357939744,177.20592177055394,179.6120574712885,0.053264114496512784,0.039630362964899864,0.35085948643445497,0.394477084869509,155.4107529203823,154.6449454864697,154.41394256168905,0.3272795081138611,0.6031905114650726,0.5425806638087542,plank
169.66993545357326,167.05815833364807,57.36606940371394,52.15044822362936,164.75665938339606,167.01960844059096,167.81437592123578,169.63851228956835,0.0337456504094488,0.01894981528533794,0.3441405248633577,0.3000384154823727,19.400090399008942,27.282706504174065,29.34738918150212,0.2803279757499695,0.5752441585063934,0.48731998683451877,plank
166.19917690830025,174.09103105677593,38.17216187657775,59.315667100122226,169.59348034690618,162.36234311879514,178.78504277071244,160.7540131634278,0.1573716205048255,0.10036011536400098,0.44609225666528124,0.4522930392975346,37.988671805675594,51.86672993653002,46.19201073477654,0.4390373229980469,0.5449499189853668,0.8056471020593656,plank
168.58465538254953,165.1775457175534,10.463018093504768,17.351758318551948,111.3635630023804,148.88018960915528,169.56549628899825,176.98846301243427,0.2612475292974791,0.1173771157435119,0.27860996038753705,0.22175237333202694,72.21624037216885,10.034871792301713,26.298263476209897,0.3894728422164917,0.5253444463014603,0.7413666308999088,plank
164.1295805113416,171.37021628670826,67.09019057388167,73.98303581697893,167.66973658533402,166.79507654403528,162.1460477666258,157.93498193177538,0.0456869369906163,0.030496578443245236,0.399939442145705,0.46936206588081664,166.42885623178813,160.63672445295396,163.87936993057795,0.24134233593940735,0.7800126671791077,0.3094082264230588,plank
171.96607710759875,171.11423782460346,53.06591855664778,53.136705827898496,178.00179028005803,176.13491263071555,179.0679239036447,176.53638741964133,0.07408186484978448,0.03158387333381132,0.35587391625021886,0.4096597969591058,145.9207977655763,147.76440554807127,151.12803239621462,0.3257550299167633,0.5175206363201141,0.6294532180070718,plank
171.61297683080198,173.38591137830466,83.44309263856924,81.03589863176418,151.8006020974714,155.55522297563792,179.245885420211,167.42117150650805,0.09281649825657766,0.04684099279370388,0.6235972588282418,0.5133875479868855,0.18318265670511963,24.473246393991914,22.11026946325147,0.1972983181476593,0.6815845668315887,0.28947004927769926,plank
176.4252226783221,161.67977601093602,70.63341536141925,50.27843979529144,165.86803935270743,177.82854950838205,162.81598390709615,175.6510922114891,0.024693755056315936,0.02483152962630941,0.3828621652520361,0.26902504949570255,20.182589298505736,6.926893221321296,24.819453926563774,0.256364643573761,0.6399412900209427,0.4006065049582458,plank
159.3621932905729,175.57753780828375,40.69917832998086,65.21038831346137,177.6316908083967,175.82240657620233,174.30873515672425,174.05065794396478,0.07059103189722903,0.0239844270619027,0.3083218522864369,0.44221238667128077,152.18808845246173,152.96306482166017,155.06027203616188,0.39040783047676086,0.7469840943813324,0.5226454397266713,plank
172.8542386976063,171.76219078155916,58.360378203334896,66.98099592705124,170.42602101836258,162.57743367398058,176.8184657230365,171.9695909146751,0.07432524549022917,0.038870172533180175,0.387819783016182,0.5000816831862379,158.65251633551932,146.1517685238119,149.0506231374119,0.3557593673467636,0.5972123444080353,0.5956999561008689,plank
175.43916921486857,173.66235891539972,69.76829998399242,76.10987476939903,160.26397678786788,163.45750151056927,164.41136584421608,163.38894877074085,0.10851811156955145,0.05532325640579415,0.3874655867937319,0.3914576243208484,13.260276389974107,23.86852460085271,23.29749356465809,0.17221760749816895,0.5621723532676697,0.30634307521019305,plank
168.09459286712593,170.15285522264045,62.12942260662265,59.464261759551356,167.85800531650656,170.28734396771506,178.39623016277898,176.71996876977386,0.02646849057551304,0.018098517315286174,0.3033547160505874,0.26166252797319123,22.85923230619452,32.84841884013748,32.36210034149228,0.280043363571167,0.47638750076293945,0.5878478405136043,plank
174.54395810876633,172.42461494528328,73.16940556082473,74.82770385739398,154.49531208602713,153.7861991089709,173.69309252145095,176.01888271015818,0.046342547227259,0.02580660437279484,0.33177252687963693,0.36736633094652815,171.80573309909903,147.11543762862578,149.3811650748748,0.27114996314048767,0.5821114778518677,0.4658041860660379,plank
178.2119520825687,176.44149109517912,19.265316241205532,23.56208201117242,164.17261970468985,157.1804041526434,168.99715046057713,3.968064170601161,0.226972845104086,0.10785973129434186,0.3298187066924869,0.35969109279979283,88.50430603260378,90.19432126552275,93.9965327911509,0.3345335125923157,0.2252495288848877,1.485168533974057,plank
178.79575668699295,178.2817873251818,6.760903421221971,0.7018353350859121,156.48372248654712,166.95977603011173,149.9909674074255,161.2713084988607,0.06614909603691178,0.04714356856488896,0.034336098209943905,0.11001465206766656,85.552017761084,83.80244830775992,82.68265733423026,0.7225693464279175,0.13754868507385254,5.253189778149868,unknown
161.28572014085316,144.7474649734818,4.372940440253325,56.42530933281269,158.33209312377815,165.81753295177816,158.47163413791668,170.03364120495968,0.1349729467926517,0.0905537947729612,0.07611260068197956,0.4376531737844016,100.77549156449949,90.86127528285202,89.39972126694664,0.9596251249313354,0.17988204956054688,5.334746447884636,unknown
161.98906873027212,141.91923575030057,4.2578720470320555,35.05880550528897,148.77204738395568,162.81096584051494,147.04539639115492,166.71122003982003,0.13557107044604957,0.09488633502102894,0.1299156845450819,0.3069066033936205,102.62375353243128,90.5444706014055,91.32723984463351,0.8675217628479004,0.20234519243240356,4.287335678299889,unknown
179.65690364026443,94.59867683321221,1.4253827315459446,4.875486563404031,163.2985928545038,168.67411944353447,154.4756739030934,160.66238445057513,0.05452938420113959,0.04439102415793605,0.07118756205981135,0.1599331252119658,84.51573663297441,84.26656296789417,84.72971492648504,0.7135775089263916,0.13072645664215088,5.458554658753817,unknown
156.09293243460485,160.13850278628874,29.34737057632955,25.90365762231948,168.71361123879896,156.6697314986723,144.2417010618861,131.47787199143102,0.3050567546280536,0.15461687547692685,0.20540872883118663,0.2662224923877532,90.47345309900477,105.22974338471688,85.58502448487411,0.620857834815979,0.30503425002098083,2.0353708961314187,unknown
170.5501625162819,164.05058714736518,0.8856593869233887,2.423737058453374,160.46341476035403,142.9857129117195,153.59713769713477,143.08371334689247,0.17646533327823125,0.09441486454512227,0.26768647501731163,0.1591329110265923,82.17701941503044,94.73434114448567,85.53422329641927,0.6035195589065552,0.15836000442504883,3.8110605079718765,unknown
178.61461316188772,167.75736868281504,6.155734857291531,1.998611639204325,147.28963553430395,165.85238100061358,146.4820148047836,172.69322292785645,0.1203277153880601,0.09710174684231057,0.050141214449990666,0.0980896722493124,101.15736001301312,89.59267188728924,90.72876942302364,0.9170843362808228,0.1816186010837555,5.049506662910034,unknown
163.33347086318435,156.82042934759107,8.791744876767428,3.705750627275724,150.6420634514521,139.9355145541374,166.24617018333248,151.13147249845795,0.04434184392705167,0.05128026781885304,0.3138454589341612,0.12231234582804235,72.25678508130451,94.30919010955586,93.91589105831103,0.9853756725788116,0.18424475193023682,5.348188549500278,unknown
165.0577971051652,161.60601496872485,2.1740817410576856,55.33205279377381,157.9821837804124,155.16697027411723,164.20526958696027,165.86579964529977,0.1186603980333328,0.07591714072701347,0.24171946683138737,0.3168857073224263,76.36573682085867,92.68809879167463,89.96942812638511,0.7820668816566467,0.17990326881408691,4.347152149107636,unknown
171.959562518646,164.55885728012512,0.19792698981060639,7.7559710008641165,172.2152674999057,165.38842619758677,177.33912077143106,157.56753445602698,0.0898077406903842,0.05867351293971832,0.14375615489588311,0.2000972784034534,80.31247587385464,89.63439024276093,87.06044864391356,0.6008831858634949,0.1332239806652069,4.510323012893,unknown
171.9819212329346,150.64020078199215,2.1926755721559315,43.884337839035716,147.33093587611475,160.74162520022512,154.51003137169843,169.28674026697593,0.14938252205214042,0.11045648097001266,0.08538561473252118,0.3150543831469686,104.6897149018305,89.5546583429212,91.07948979462996,0.8451249301433563,0.1966497302055359,4.297615507837423,unknown
170.15905510263866,155.23487343309853,7.298360189243699,34.8780346170627,143.90159046749383,157.27733914066957,153.98298106397093,163.29725411961562,0.1697980418826496,0.10180038826164514,0.11534391132432278,0.28207298371442946,107.66719836776974,89.76475017198132,91.05357436198751,0.9104075133800507,0.20819777250289917,4.372801411059156,unknown
174.95991185502479,158.06468421218463,5.687016226780976,7.098771540636452,164.6755873660354,175.513135882838,153.48892574105903,165.77763053366368,0.06194134189426916,0.047458163825461905,0.03939107449876455,0.10501998464748717,84.57317704927986,87.94022810163366,87.71968456301576,0.7090003788471222,0.12201642990112305,5.8106959810385055,unknown
171.11805359225534,171.99126393508243,14.765204917119155,18.798927559726796,173.86598441299137,175.07400082692348,174.34803351839523,174.85181643979536,0.536586353605447,0.3168913191524326,0.19985262573255766,0.26085031882684684,88.94091986146593,91.63508630049625,89.52083915723958,2.4795042276382446,0.5365467369556427,4.621226925555284,unknown
179.04891869912655,171.9099898672526,10.753624397537946,14.607013064414899,175.26047377106414,175.74696255195107,179.45701306045189,178.93072264385611,0.29886471148982163,0.17561329941694423,0.1394134995229881,0.17824085677695936,90.76855701673982,90.86676911264817,90.81946373876409,1.8680940866470337,0.29875367879867554,6.252957600920145,unknown
174.46746064599398,171.1600975905279,19.396811139717148,19.166743484545446,170.53933175683258,176.27693433997118,173.45461051467734,177.31294543079537,0.3032242217997044,0.18072612695094825,0.3100513818091306,0.2691612212858075,89.96069837666869,90.67812162970115,87.93693764771835,1.3702742457389832,0.3004370927810669,4.560935645644538,unknown
178.8354888983014,176.43852613768075,8.938273148865779,9.937430589759755,176.87786951300305,172.63250064233966,179.23698589029925,179.26469042720197,0.23473752582815577,0.13807070475523767,0.2681376690227105,0.17922557363357453,85.53204231314389,88.51396752051686,86.7882447729812,1.312923789024353,0.24118128418922424,5.443721694400917,unknown
178.2986716090422,179.75879208629772,10.042332661840856,11.239634065184237,176.53303977059494,172.75798619023757,179.22822618366428,178.47023074089375,0.23515227821559112,0.14797568090557794,0.21178856124920503,0.11960000299694495,86.53026959244788,88.72304746486371,87.41644022024393,1.4159351587295532,0.23421674966812134,6.045405210070989,unknown
177.2042307996097,150.0904971421276,167.85102987477526,159.5197740981622,24.575025155887086,34.066367674507944,43.80203892528861,3.320807660029173,0.10486326508840552,0.06153826367908444,0.6239325030168289,0.5576741480240489,92.59956573025379,170.35163041051518,149.39625866530034,0.3936954438686371,0.13315165042877197,2.9567447538266918,unknown
179.74320872912696,174.18678025098646,14.054268842022067,16.16686250100845,175.04754585618514,174.19778097626806,179.27481474360727,179.76552919335134,0.2964558135247191,0.16411638474321863,0.18384135991392017,0.2144178154627301,89.37750173301282,89.74151136418212,89.80048670667253,1.8496224880218506,0.2938406467437744,6.294644762454187,unknown
175.11008699843873,173.83359908168185,10.029445383915984,13.796796341777364,175.47774940502492,175.6828450186407,177.1841778579966,176.09983173328382,0.5777402385412099,0.35776522947480477,0.16184209414190204,0.22143029622302657,88.79339251033026,90.94925683499467,89.31903612115315,2.959832787513733,0.577636644244194,5.124039163731575,unknown
174.56576549041046,173.52355022735037,14.393243196302874,16.67315711001125,173.489087363791,175.26969240674802,177.41549898139317,177.74084587527565,0.31293513696469344,0.19295365033590026,0.22941913137106915,0.1993424389672173,89.99790883141462,90.29910746277294,88.03112748092092,1.5886567831039429,0.3129345774650574,5.076641884616711,unknown
170.39415464014388,171.57099513317144,8.460562320732608,11.982387540013102,171.98504641044858,178.9557168022569,178.1851853383633,177.67436189568176,0.27114122325259055,0.1664727138396783,0.16121961152168435,0.15590771582554114,93.4348234377461,90.66176921312831,91.28372893638446,1.8343666791915894,0.2847970724105835,6.440960448311903,unknown
178.2714690769959,176.4708104542172,7.466418279497073,10.344862997751259,176.55110687880048,173.42831858939823,179.91731449907053,178.40716036983858,0.24455469733268162,0.14126083568627057,0.20941256678457668,0.08468431476154734,86.52507503432992,88.53917510490655,87.06868331763368,1.4070415496826172,0.24218595027923584,5.809757122823702,unknown
177.37496339545862,178.39454281245327,8.395099194540252,9.265913142919427,179.7258334552226,171.93159469895693,178.06506121128848,177.86194257050522,0.22934117304590101,0.14232072514693322,0.1842935653159032,0.09832167105833649,86.23647164824791,89.76460933710042,88.73279040588505,1.4869337677955627,0.2267175316810608,6.558530153227564,unknown
93.36259301531136,173.41784955904785,68.61864892846768,13.946252020820992,106.46000201315738,15.067635105251643,123.57096672666168,20.476077279919686,0.396658165877962,0.23881456174622076,0.41294717609900955,0.17119569560145426,148.9305625940802,116.19537279908508,100.56244142782815,0.8716785311698914,0.4455023407936096,1.9566194189173043,unknown
175.4297038714392,156.34690642296871,1.1874178487596978,125.30018374265114,177.70146797167703,175.71784804862483,170.96044811547074,170.40267443561186,0.196744015808622,0.08800657725151627,0.17549344949216408,0.7552368673136121,87.81250730310137,86.90671690895331,84.81752593867841,1.0808266401290894,0.15751254558563232,6.861844789001227,unknown
173.25696356618766,172.22030370876027,14.617690073145514,17.18665872207931,173.39341401893785,172.6736113051706,173.29620838422292,174.63744238309673,0.30949745393041145,0.18989944815312884,0.2234437309918959,0.16777370005296657,89.5825984903897,91.48314013196925,88.71676195192033,1.5599584579467773,0.30880194902420044,5.051647060117892,unknown
174.2764731569808,179.09368826957672,11.575749331007351,14.474276603985212,177.98898728880988,175.79305744224652,179.1737183707763,179.85546940185355,0.30924809040986434,0.2048483600987519,0.1872443393321194,0.17981994107213647,88.01832687730922,89.64688238327581,87.89702138598032,1.8065694570541382,0.3067185878753662,5.889990135805626,unknown
178.39667601822723,170.30810939334035,12.726259266765348,15.041208131902055,175.4772663158003,178.34769678882128,179.67960554219277,178.633206865124,0.3011333271929252,0.18633090725041507,0.1851298255028184,0.19071197703592513,90.49101245336772,90.01245410621257,88.34366477505034,1.8597787618637085,0.297218918800354,6.257269117895376,unknown
176.72261150874908,172.5335441114772,10.937980640608886,11.373420601137333,175.688403885911,177.38096550262688,179.98944703556816,178.42544438282354,0.31427339445295727,0.2008245708901189,0.1270420726812551,0.1321724863539252,89.32917896582231,89.21092648936225,88.45208069611856,1.8789387345314026,0.31395524740219116,5.984734289611651,unknown
178.04080485485503,170.73752238410228,15.07032607532189,15.456773214141524,173.94691297688024,178.16581258116554,179.2481649820494,179.87303005770326,0.2915426001536147,0.17169135411927067,0.19874191474249112,0.21584783126470536,90.66083139825312,89.56403692528087,87.68928896200664,1.752138614654541,0.28611940145492554,6.123802180994595,unknown
175.30071469652452,176.9644472869987,12.332918380023521,15.566089654029348,176.34144571782653,177.08404704035672,179.8155856590846,178.5095204969402,0.3055539008855226,0.1963357353630494,0.2042200096271886,0.1893748246700077,88.62376773171337,89.25807422985332,87.75780491732688,1.756819725036621,0.3046480119228363,5.766719808700418,unknown
175.97345196914054,178.18842295850635,13.155308422410414,15.62596795093734,178.07586187535708,174.70716075423462,179.9097254195261,179.43445409979307,0.29661046142426695,0.1891382018000731,0.22467418028333688,0.19708259472086898,88.58844480886464,91.07038864174915,89.65875716868982,1.7057106494903564,0.2964581847190857,5.753629811592598,unknown
173.01343234284502,170.3416959581313,15.234930631090073,18.79609297203834,165.75385838636032,174.91521381322093,161.0138178997759,173.80179244293262,0.312897265133328,0.18652977025753426,0.23098885802121907,0.18235754789581898,89.73956988604901,91.78457057050925,85.19034193951858,1.2622104287147522,0.3127691149711609,4.035598044362965,unknown
155.13039434733662,148.46459859612244,24.74610124602442,0.8182798169628874,120.17982816881143,105.644290633679,138.56455707397794,133.79594112802062,0.364430097137778,0.2600762671185742,0.2811445213521523,0.15170939443545275,131.71232003981655,98.68308984773066,93.60548849435234,1.4184195399284363,0.4842805862426758,2.9289209194474255,unknown
171.8376168829927,176.52429867533158,20.491588176754266,22.563920475281492,168.05832686833432,154.63765654502882,178.6796372069055,160.57459056523928,0.14582522210240306,0.10628922183570813,0.20513153650279914,0.22583327637634407,73.91184855112517,88.06290311165267,84.20241561840135,0.9235225319862366,0.2048872411251068,4.507467263041146,unknown
179.35704456555126,178.58132698387504,8.694954736836854,8.781688350063561,177.41175664740942,174.9218243468798,178.6071681409013,179.91586637381818,0.2401762415182422,0.14111497076831406,0.22833159786341325,0.1022176189928227,86.29580765373025,89.49245704885739,86.31448894635547,1.2520251274108887,0.24014604091644287,5.213598869391822,unknown
37.82610956145689,152.4295823403361,34.06542417406325,8.299566096279342,120.78716358081925,23.20435157487332,148.74043575091753,67.70078581233038,0.3537544036091121,0.23192251587816476,0.18689244000788138,0.13597348435273596,147.14856201065032,107.54069468407891,94.95128795240996,1.0397995114326477,0.443614698946476,2.343924838158043,unknown
176.50086113973123,173.55727037560695,14.312047807326623,17.18094239006261,175.1412514414541,174.38240956100267,178.05245664585578,177.1359341029407,0.307582187881461,0.18900020876240314,0.21469844845990904,0.18860299482806162,89.67620362909871,90.75098716066088,88.70721676790637,1.635843813419342,0.3072412610054016,5.324297290234668,unknown
174.05851353639594,173.01091776376725,15.470302538558174,16.03848504785322,173.4424414450605,176.88379830724702,176.29950117198905,178.3178687620158,0.3037175197492967,0.17375758814404912,0.20073581115391403,0.22569080852526904,90.04106447520815,89.94490004049145,88.74829502744946,1.7586314678192139,0.2918791174888611,6.025204827770278,unknown
175.92940894277493,177.13653635762552,11.40395671658861,15.29163586318574,178.00777106873895,175.50609719008435,179.18919304226716,178.25835092674149,0.3004277040067464,0.205415168661599,0.20914722375061998,0.1949362331581661,88.14431506574876,89.49794462887267,87.90100753378908,1.769361972808838,0.29816415905952454,5.934187322815041,unknown
162.70731398194084,168.65017628439176,25.746265451169357,9.373419437314803,169.0965435756431,176.7292925287656,171.7459601587723,173.7339968328343,0.46248545026968474,0.25605337125129285,0.3405656596069325,0.157491628506911,100.23748895730903,100.11605357579147,99.75148614946802,2.1504851579666138,0.7120502293109894,3.02013126243568,unknown
144.86417527371015,110.98846603564938,14.89116057954207,16.698848634032093,176.11855723877352,166.7915238884303,103.84907407527442,54.55977846604665,0.6334486972827694,0.3581371532513813,0.8035055813882149,0.903327676050473,88.11845563635953,108.40259052295262,32.14860437095097,1.583208680152893,0.6319210529327393,2.505389989469788,unknown
167.1354140531069,173.32857034088536,10.419292839158985,12.355370428985983,173.96015830084983,179.75861415719123,177.76824934130948,175.20288938720742,0.6682575857296905,0.41129019833980285,0.6501240800889402,0.7778566439432827,90.12723341054044,90.15159469665429,87.5484460268448,3.313466191291809,0.6668866574764252,4.968559730719972,unknown
179.0393956320137,172.4955338454962,21.67728742566288,9.724361644681142,155.4962981497506,176.75364974023404,152.26955308466236,173.155706492122,0.44636071648901166,0.25885606153864743,0.40557508941061166,0.23109424277890064,100.60435458437988,95.90019643599359,96.00487204388187,2.3116724491119385,0.6230597048997879,3.710194112912092,unknown
173.21320023907998,178.10759407318002,12.57867351190338,15.553631602432953,178.56010304099385,175.96797018271835,177.7396616804418,179.5228329554524,0.30447344419556766,0.20177677237043581,0.17741019100474137,0.1817865946965373,88.1826954985419,89.54917515807303,87.89425198444852,1.8033477067947388,0.3021036386489868,5.969301511426158,unknown
177.91671646151585,171.21684822952318,10.55066900049556,14.1750879403867,175.46008343037232,176.61397959693616,178.30573170882923,177.5061847656724,0.6737314788253834,0.4383766773493524,0.22366052416770377,0.3168026732835036,90.32272983169266,91.4180841390645,90.12956943906268,3.5553282499313354,0.6674345433712006,5.326856821005147,unknown
148.3947343584116,159.13954702972705,33.14579579360387,3.62289543066905,127.37016222260714,146.95022235600686,118.43888721203407,158.515452970109,0.43640882451952073,0.2742898094880518,0.23915759119761737,0.09290155046412142,117.0681153930235,105.75552450018436,98.36123813416962,1.6201844811439514,0.5948569998145103,2.7236537212290703,unknown
147.48270270262822,149.1045886568852,26.364013569807724,9.088774385095512,153.0599383568773,170.36309135193517,145.69394268822583,163.80640036420405,0.45985837059848933,0.2658700906059731,0.354023508976757,0.36465090372879777,104.58609606336232,101.00491222163127,100.02664927584657,2.0386760234832764,0.6792207658290863,3.0014924838094137,unknown
179.11363499897743,172.487134252038,7.116699354185352,11.976999397100137,176.16325902450586,177.96925184155674,178.9952893355956,176.15395258615825,0.739492911985612,0.4842821478155919,0.389077617634281,0.41457715727463246,90.01033090482959,90.99365071368207,89.45948150677305,4.074445486068726,0.7390124797821045,5.513364926218923,unknown
172.8208986281747,172.55700919001026,13.36013731967814,18.028714537851226,174.6582402847506,175.7940674836973,176.44193769945963,176.02028414705015,0.5673641510756114,0.3537923447787355,0.1994771882338471,0.24903627524589347,88.90953924669469,90.79057642271671,88.97049954490157,2.701051354408264,0.5671796798706055,4.762249865905763,unknown
177.88513469989226,176.94020637787105,10.82410621806499,15.470230510036952,175.06648955892655,174.47423504823968,177.58843043809352,178.1288642244526,0.5381856696273037,0.32769168430053636,0.17750473856820972,0.2604318664990221,88.69358962240753,90.66721216949861,89.13761876977169,2.6778457164764404,0.5377945750951767,4.979309648117083,unknown
178.429497218876,176.77315419389151,7.188126424044737,8.804177947570293,179.95640360798882,171.70084250560015,175.76043533790593,176.20827129667532,0.24130656704475548,0.14577905672684852,0.20992169695382532,0.10102602190694797,85.88666721884468,89.16709289555425,87.52501455853768,1.4232565760612488,0.24017471075057983,5.9259218908325995,unknown
171.28550416023876,143.7018193557409,8.006803548862536,86.05618030252646,170.60454260833959,166.24424172488554,166.73036067091627,160.14629678923666,0.16462009795321259,0.09169872112297725,0.0846870211058378,0.6160797151459225,96.12571751651333,95.66456570856624,93.36880411679182,1.039338767528534,0.16980457305908203,6.120793738381268,unknown
172.16532179236813,176.55961964332332,11.930029872862008,13.786229741405,175.4670481220133,174.43058989601406,177.7787693291649,177.8804176999207,0.5345469511733417,0.323927955846202,0.1745555938266255,0.23234448755956366,87.96599354396426,90.11005170834925,88.81391392026069,2.764551281929016,0.5342018157243729,5.175106487012421,unknown
177.85153910089545,174.01550888917208,13.461128161560534,16.15865894148889,175.49513574280482,175.55161300697097,178.1418359679479,177.40256505713347,0.5889976010382278,0.36844946625686037,0.2945888456406784,0.2672702632242983,88.79362414227724,90.56662403205947,88.9863862207963,2.9887590408325195,0.5887790024280548,5.076198418264292,unknown
164.79011266731487,168.53365102078658,22.24288877377201,23.996246266119744,167.53828230209888,179.6141216124803,173.8383406982715,174.55891033930274,0.5236139438943812,0.2907756352882337,0.185848493669137,0.2481239770953948,90.29791775892333,89.24393547802917,83.3892088734981,1.6208038330078125,0.5236045122146606,3.095473387256327,unknown
170.47184306836286,169.79484624197445,14.394292841203834,16.7706732955152,173.50467448895722,176.8075380599966,177.1067489016259,175.39048236268067,0.6050352981993049,0.3651354505633025,0.25189547066115886,0.22835976172893796,89.8254588437366,90.97324497702307,88.70291881206182,2.7896608114242554,0.6037947833538055,4.620213503549928,unknown
172.3111847569087,165.9290693769516,4.480891418260701,12.408131090261922,174.0911659598112,178.57448080975502,178.42040235874111,176.04251891085212,0.7003748272917485,0.4321094945063952,0.5165322143606653,0.7148642037863095,90.25742344052225,90.12925565603194,88.63444053919905,3.740323305130005,0.6968964636325836,5.367114772879621,unknown
169.9821401958755,179.48389248035966,16.301946577980054,22.2715515345921,172.10672471891783,178.8314959387509,178.06074703758398,175.34064288021378,0.6669421278028358,0.3955761155774696,0.4091659161297695,0.7194286621594957,89.39149028252994,88.46789719644359,86.57266809744559,3.1707011461257935,0.6669401526451111,4.7541014490590605,unknown
176.95795104648383,173.095412346594,9.699705837967892,13.645421967347172,175.72907829081072,176.06615108134793,179.23696948941694,177.8402047536338,0.6325562844026523,0.40033554421751966,0.1857186147039963,0.2715228453307024,89.80115029207673,91.07984217101111,89.65610081859161,3.245797276496887,0.6284237653017044,5.164981745937933,unknown
165.18273303115825,171.53590480154784,20.09711420321604,20.842841191485615,171.71521093531064,176.84145186556145,176.07237734696406,175.53957762625,0.5277455332246608,0.3080579976653124,0.1867878314144575,0.2582405119091154,89.63192503028564,90.24916452083298,87.7545602695254,2.2783619165420532,0.5270960927009583,4.322479236883008,unknown
44.238744578291524,166.99202075650072,26.176133883445463,10.070909748028896,157.4618345247361,167.67100479837947,158.65158689376364,157.26556853836848,0.1648159445830128,0.11003578174749197,0.5965024995826833,0.13003337951575283,99.46019736768856,91.50733539514434,94.90902676113822,1.494479238986969,0.3117859661579132,4.793285783203102,unknown
94.57674069010682,168.69944533381678,48.5477618792521,6.958046413249249,150.59294199712755,155.66897038122806,162.4404264759736,159.69788528124892,0.180084947830349,0.1145841557132146,0.5664482850760812,0.17544877688093138,99.19859886471885,83.50608056183947,81.58062656751892,1.2919440865516663,0.23094391822814941,5.594189691002623,unknown
175.03983436250616,109.4497886869354,5.869385226493166,16.502196469828405,178.54065067942543,176.38874816251655,177.89179888618614,178.6737298557767,0.23437929306159663,0.16458606555094427,0.08246810668565405,0.168258024691145,90.17191309921601,91.13225600987035,89.7043037752446,1.48360276222229,0.2343791127204895,6.329927377067816,unknown
179.46921949093561,112.72975006235866,6.749312193726036,15.990172807481363,177.7171577161534,176.08495401483722,179.2418973805145,179.98398051255066,0.2399387466262262,0.1609444423052544,0.15266420424845675,0.15579180299705034,89.66452172909045,90.86862537121787,89.66608961463638,1.4561574459075928,0.23993855714797974,6.068876395757944,unknown
145.69095864748064,165.6166485521301,24.98574986700685,90.82905827841529,152.75876485722276,151.14970725257598,153.56810680871902,143.99223363543697,0.21621371089841837,0.10008292428433724,0.1284178701320891,0.5625596153997273,100.00646561763537,93.83646868910968,92.3858426162481,0.9865576028823853,0.17640799283981323,5.592476775007729,unknown
163.20262715126634,133.08365481515438,151.33494878874103,132.21232670274154,115.74301979837944,82.27925489010502,125.32511265867645,87.0908254175703,0.04013347787927679,0.024278030932323693,0.6288738385252642,0.6104954677973357,93.70532324613207,120.55679122022015,130.84945544473362,0.5117543786764145,0.11354336142539978,4.507127252989134,unknown
178.42697838831387,177.0371304221355,8.399510171697672,6.910001701120412,165.2212821089406,175.33454747199954,159.42368370314657,178.00254678663285,0.09860443033714851,0.0645046956374017,0.05969571865259311,0.09076579260332836,82.25394707012593,84.71333373133481,84.74028444987435,0.7187775671482086,0.15699467062950134,4.578356477109236,unknown
167.93451174387175,123.88887581120866,6.878458680883479,76.7286279227946,165.30480159080025,159.65981772542878,164.33148513188183,156.26375424824852,0.17051771491820014,0.08944707562388293,0.13764365896847974,0.5436922630172836,97.37695850958485,94.47968279189715,91.88728538285618,0.9877964854240417,0.16386324167251587,6.02817615068408,unknown
171.7827373405045,116.52188119298768,0.6442124133585747,72.40118518176949,153.6825050002053,122.5407259585514,153.18183323102213,118.81164253199213,0.18838626193629152,0.1036153628843945,0.11104248877185914,0.5782275976389646,97.50632618999748,94.00786997367652,92.02319396778934,0.9883453845977783,0.1692241132259369,5.840452437639337,unknown
167.2329737603999,116.52984191664754,6.210246886696868,17.51629416330742,178.85332202720028,176.32179569128417,177.68271527614726,179.9353253668345,0.23196807818243687,0.1556598785199185,0.02265796092250692,0.12395416684166398,89.19533648797183,90.51694826784473,89.03662357876009,1.418226718902588,0.23078182339668274,6.1453137774409905,unknown
